Div,Date,HomeTeam,AwayTeam,FTHG,FTAG,FTR,HTHG,HTAG,HTR,HS,AS,HST,AST,HF,AF,HC,AC,HY,AY,HR,AR,B365H,B365D,B365A,Season,League
SP1,2020-09-12,Eibar,Celta,0,0,D,0,0,D,8,6,1,3,17,13,3,3,4,4,1,0,2.5,3.25,2.9,2020-2021,LaLiga
SP1,2020-09-12,Granada,Ath Bilbao,2,0,H,0,0,D,4,9,2,2,8,10,1,2,3,4,0,0,2.75,3.1,2.75,2020-2021,LaLiga
SP1,2020-09-12,Cadiz,Osasuna,0,2,A,0,1,A,12,6,3,4,14,21,6,2,2,2,0,0,2.8,3.0,2.75,2020-2021,LaLiga
SP1,2020-09-13,Alaves,Betis,0,1,A,0,0,D,7,11,2,4,19,17,6,4,3,3,0,0,2.8,3.2,2.6,2020-2021,LaLiga
SP1,2020-09-13,Valladolid,Sociedad,1,1,D,1,0,H,8,8,3,2,15,17,5,3,4,1,0,0,2.8,3.2,2.6,2020-2021,LaLiga
SP1,2020-09-13,Villarreal,Huesca,1,1,D,0,1,A,15,10,4,3,10,22,6,6,1,1,0,0,1.57,4.0,6.0,2020-2021,LaLiga
SP1,2020-09-13,Valencia,Levante,4,2,H,2,2,D,14,19,8,8,9,14,3,4,1,3,0,0,2.1,3.5,3.5,2020-2021,LaLiga
SP1,2020-09-19,Villarreal,Eibar,2,1,H,0,0,D,14,12,8,4,5,12,4,3,1,1,0,0,1.57,4.0,6.0,2020-2021,LaLiga
SP1,2020-09-19,Getafe,Osasuna,1,0,H,0,0,D,7,10,1,3,19,13,4,1,4,2,0,0,1.95,3.25,4.33,2020-2021,LaLiga
SP1,2020-09-19,Celta,Valencia,2,1,H,1,0,H,23,9,6,3,12,13,6,6,3,1,0,0,2.2,3.6,3.1,2020-2021,LaLiga
SP1,2020-09-20,Granada,Alaves,2,1,H,1,1,D,10,5,3,3,9,12,4,4,0,3,0,0,2.05,3.1,4.2,2020-2021,LaLiga
SP1,2020-09-20,Sociedad,Real Madrid,0,0,D,0,0,D,6,16,1,4,17,12,1,11,2,2,0,0,4.75,3.8,1.72,2020-2021,LaLiga
SP1,2020-09-20,Huesca,Cadiz,0,2,A,0,1,A,4,6,0,4,18,23,2,1,3,3,0,0,2.1,3.1,4.0,2020-2021,LaLiga
SP1,2020-09-20,Betis,Valladolid,2,0,H,2,0,H,16,9,6,2,18,10,5,3,3,0,0,0,1.85,3.6,4.33,2020-2021,LaLiga
SP1,2020-09-26,Alaves,Getafe,0,0,D,0,0,D,9,11,0,4,13,13,1,5,2,2,0,0,3.5,2.9,2.37,2020-2021,LaLiga
SP1,2020-09-26,Valencia,Huesca,1,1,D,1,0,H,5,17,2,4,14,20,4,4,0,1,0,0,2.0,3.4,4.0,2020-2021,LaLiga
SP1,2020-09-26,Elche,Sociedad,0,3,A,0,0,D,5,27,2,7,11,12,2,11,3,1,0,0,4.2,3.3,1.95,2020-2021,LaLiga
SP1,2020-09-26,Betis,Real Madrid,2,3,A,2,1,H,15,11,5,4,9,10,8,3,5,2,1,0,4.0,4.0,1.8,2020-2021,LaLiga
SP1,2020-09-27,Osasuna,Levante,1,3,A,1,1,D,9,11,4,5,15,16,3,7,2,0,0,0,2.3,3.2,3.25,2020-2021,LaLiga
SP1,2020-09-27,Eibar,Ath Bilbao,1,2,A,0,1,A,7,9,1,5,15,12,5,4,1,0,0,0,3.0,3.0,2.55,2020-2021,LaLiga
SP1,2020-09-27,Ath Madrid,Granada,6,1,H,1,0,H,17,11,10,6,16,14,1,1,3,1,0,0,1.5,4.0,7.5,2020-2021,LaLiga
SP1,2020-09-27,Cadiz,Sevilla,1,3,A,0,0,D,12,14,5,5,9,14,6,5,4,2,0,0,5.0,3.6,1.7,2020-2021,LaLiga
SP1,2020-09-27,Valladolid,Celta,1,1,D,0,1,A,10,5,4,1,26,18,4,1,3,4,0,0,2.8,3.0,2.7,2020-2021,LaLiga
SP1,2020-09-27,Barcelona,Villarreal,4,0,H,4,0,H,17,5,9,1,9,10,8,4,0,1,0,0,1.53,4.33,6.0,2020-2021,LaLiga
SP1,2020-09-29,Sociedad,Valencia,0,1,A,0,0,D,11,9,3,5,16,15,9,3,1,5,0,0,1.53,4.2,5.75,2020-2021,LaLiga
SP1,2020-09-29,Getafe,Betis,3,0,H,3,0,H,8,10,4,2,15,17,1,4,4,4,0,1,2.45,3.1,3.0,2020-2021,LaLiga
SP1,2020-09-30,Real Madrid,Valladolid,1,0,H,0,0,D,15,11,5,5,11,7,4,7,2,1,0,0,1.22,6.0,11.0,2020-2021,LaLiga
SP1,2020-09-30,Eibar,Elche,0,1,A,0,1,A,12,5,4,2,9,14,3,2,2,2,0,0,1.8,3.5,4.5,2020-2021,LaLiga
SP1,2020-09-30,Villarreal,Alaves,3,1,H,2,1,H,10,8,6,3,11,13,2,0,0,2,0,0,1.57,3.8,5.75,2020-2021,LaLiga
SP1,2020-09-30,Huesca,Ath Madrid,0,0,D,0,0,D,9,16,3,2,13,10,5,7,1,0,0,0,7.5,4.2,1.45,2020-2021,LaLiga
SP1,2020-10-01,Ath Bilbao,Cadiz,0,1,A,0,0,D,13,3,4,1,15,16,5,2,3,5,0,2,1.53,3.8,6.5,2020-2021,LaLiga
SP1,2020-10-01,Sevilla,Levante,1,0,H,0,0,D,16,3,2,1,14,17,2,4,5,2,0,0,1.4,4.5,7.5,2020-2021,LaLiga
SP1,2020-10-01,Celta,Barcelona,0,3,A,0,1,A,10,6,3,3,22,10,3,7,5,5,0,1,5.75,4.2,1.53,2020-2021,LaLiga
SP1,2020-10-03,Valladolid,Eibar,1,2,A,1,1,D,9,11,3,5,11,21,3,4,2,3,0,1,2.35,3.0,3.4,2020-2021,LaLiga
SP1,2020-10-03,Ath Madrid,Villarreal,0,0,D,0,0,D,14,6,1,2,11,7,9,1,1,2,0,0,1.61,3.9,5.5,2020-2021,LaLiga
SP1,2020-10-03,Elche,Huesca,0,0,D,0,0,D,2,18,0,4,8,26,0,5,0,2,0,0,3.1,3.1,2.45,2020-2021,LaLiga
SP1,2020-10-03,Sociedad,Getafe,3,0,H,1,0,H,11,5,6,1,21,13,5,4,3,3,0,0,2.25,3.1,3.5,2020-2021,LaLiga
SP1,2020-10-03,Valencia,Betis,0,2,A,0,1,A,5,17,2,8,11,14,4,7,2,2,0,0,2.8,3.2,2.6,2020-2021,LaLiga
SP1,2020-10-04,Barcelona,Sevilla,1,1,D,1,1,D,12,13,5,1,11,18,6,5,1,1,0,0,1.57,4.33,5.25,2020-2021,LaLiga
SP1,2020-10-04,Levante,Real Madrid,0,2,A,0,1,A,11,13,4,3,14,8,4,6,2,1,0,0,6.0,4.5,1.5,2020-2021,LaLiga
SP1,2020-10-04,Cadiz,Granada,1,1,D,0,1,A,14,13,4,5,16,16,2,5,2,2,0,0,3.0,3.0,2.6,2020-2021,LaLiga
SP1,2020-10-04,Osasuna,Celta,2,0,H,1,0,H,14,9,5,3,19,10,6,5,3,3,0,0,2.7,3.1,2.75,2020-2021,LaLiga
SP1,2020-10-04,Alaves,Ath Bilbao,1,0,H,0,0,D,8,8,3,0,20,17,0,6,2,3,1,0,3.3,2.9,2.37,2020-2021,LaLiga
SP1,2020-10-17,Granada,Sevilla,1,0,H,0,0,D,13,8,3,3,16,11,5,1,4,4,0,1,4.2,3.4,1.9,2020-2021,LaLiga
SP1,2020-10-17,Celta,Ath Madrid,0,2,A,0,1,A,15,9,5,4,16,18,8,4,3,4,0,0,5.5,3.3,1.75,2020-2021,LaLiga
SP1,2020-10-17,Real Madrid,Cadiz,0,1,A,0,1,A,14,14,2,5,7,5,4,11,2,0,0,0,1.18,7.0,15.0,2020-2021,LaLiga
SP1,2020-10-17,Getafe,Barcelona,1,0,H,0,0,D,9,7,4,1,20,10,7,2,4,3,0,0,4.75,3.8,1.72,2020-2021,LaLiga
SP1,2020-10-18,Eibar,Osasuna,0,0,D,0,0,D,10,8,6,2,14,14,6,7,2,3,0,1,2.6,3.0,3.0,2020-2021,LaLiga
SP1,2020-10-18,Ath Bilbao,Levante,2,0,H,0,0,D,14,6,5,1,11,10,9,3,3,1,0,0,2.05,3.2,4.0,2020-2021,LaLiga
SP1,2020-10-18,Villarreal,Valencia,2,1,H,1,1,D,16,11,6,3,13,8,3,7,4,1,1,0,1.6,4.0,5.25,2020-2021,LaLiga
SP1,2020-10-18,Alaves,Elche,0,2,A,0,1,A,13,7,2,3,11,11,2,6,2,5,0,0,1.75,3.3,5.5,2020-2021,LaLiga
SP1,2020-10-18,Huesca,Valladolid,2,2,D,0,1,A,12,5,7,3,14,24,3,1,1,2,0,0,2.25,2.9,3.8,2020-2021,LaLiga
SP1,2020-10-18,Betis,Sociedad,0,3,A,0,1,A,7,8,1,5,11,18,6,2,2,1,0,0,2.5,3.25,2.9,2020-2021,LaLiga
SP1,2020-10-23,Elche,Valencia,2,1,H,2,0,H,3,14,2,4,15,8,0,7,3,2,0,0,3.2,3.1,2.4,2020-2021,LaLiga
SP1,2020-10-24,Sevilla,Eibar,0,1,A,0,1,A,21,3,3,1,11,12,13,3,0,3,0,0,1.45,4.33,7.5,2020-2021,LaLiga
SP1,2020-10-24,Ath Madrid,Betis,2,0,H,0,0,D,13,12,6,3,19,12,8,5,2,0,0,1,1.55,3.8,6.5,2020-2021,LaLiga
SP1,2020-10-24,Barcelona,Real Madrid,1,3,A,1,1,D,10,15,4,9,11,13,7,7,3,2,0,0,2.0,3.6,3.6,2020-2021,LaLiga
SP1,2020-10-24,Osasuna,Ath Bilbao,1,0,H,0,0,D,7,13,2,5,18,10,2,5,3,2,0,0,3.25,2.9,2.4,2020-2021,LaLiga
SP1,2020-10-25,Valladolid,Alaves,0,2,A,0,0,D,5,14,1,4,9,7,2,4,1,0,1,0,2.3,2.9,3.5,2020-2021,LaLiga
SP1,2020-10-25,Cadiz,Villarreal,0,0,D,0,0,D,5,7,0,2,15,7,0,5,2,2,0,0,3.6,3.3,2.1,2020-2021,LaLiga
SP1,2020-10-25,Getafe,Granada,0,1,A,0,1,A,10,5,1,2,19,23,6,1,4,2,0,0,1.85,3.1,5.0,2020-2021,LaLiga
SP1,2020-10-25,Sociedad,Huesca,4,1,H,1,0,H,13,6,6,4,12,11,4,5,2,1,0,0,1.57,3.75,6.0,2020-2021,LaLiga
SP1,2020-10-26,Levante,Celta,1,1,D,0,0,D,10,10,3,3,11,19,3,2,2,2,0,0,2.37,3.25,3.0,2020-2021,LaLiga
SP1,2020-10-30,Eibar,Cadiz,0,2,A,0,2,A,9,6,3,4,10,10,7,2,1,1,0,0,2.55,2.75,3.3,2020-2021,LaLiga
SP1,2020-10-31,Real Madrid,Huesca,4,1,H,2,0,H,13,9,6,2,16,9,6,3,0,2,0,0,1.33,5.25,9.0,2020-2021,LaLiga
SP1,2020-10-31,Ath Bilbao,Sevilla,2,1,H,0,1,A,16,7,5,3,17,19,6,1,5,5,0,0,3.0,3.0,2.6,2020-2021,LaLiga
SP1,2020-10-31,Osasuna,Ath Madrid,1,3,A,0,1,A,8,11,3,6,12,10,3,2,1,2,0,0,5.5,3.3,1.75,2020-2021,LaLiga
SP1,2020-10-31,Alaves,Barcelona,1,1,D,1,0,H,4,25,3,9,16,4,2,14,4,3,1,0,6.5,4.75,1.44,2020-2021,LaLiga
SP1,2020-11-01,Celta,Sociedad,1,4,A,0,2,A,9,9,2,7,19,16,2,3,2,5,1,0,3.0,3.2,2.45,2020-2021,LaLiga
SP1,2020-11-01,Valencia,Getafe,2,2,D,1,0,H,11,16,5,5,18,25,0,3,8,5,1,1,3.1,3.1,2.45,2020-2021,LaLiga
SP1,2020-11-01,Betis,Elche,3,1,H,2,0,H,17,4,10,2,13,12,1,1,2,1,0,0,1.45,4.33,7.5,2020-2021,LaLiga
SP1,2020-11-01,Granada,Levante,1,1,D,1,1,D,5,19,2,4,7,14,2,8,2,3,1,0,2.25,3.2,3.4,2020-2021,LaLiga
SP1,2020-11-02,Villarreal,Valladolid,2,0,H,2,0,H,11,11,5,1,13,13,6,4,1,3,0,0,1.61,4.0,5.5,2020-2021,LaLiga
SP1,2020-11-06,Elche,Celta,1,1,D,1,1,D,8,14,1,6,18,12,3,3,3,4,0,0,4.0,3.3,1.95,2020-2021,LaLiga
SP1,2020-11-07,Huesca,Eibar,1,1,D,0,1,A,14,8,6,3,16,30,4,3,2,0,0,0,2.05,3.3,3.6,2020-2021,LaLiga
SP1,2020-11-07,Barcelona,Betis,5,2,H,1,1,D,18,12,9,6,8,10,9,5,2,2,0,1,1.4,5.0,7.5,2020-2021,LaLiga
SP1,2020-11-07,Sevilla,Osasuna,1,0,H,0,0,D,9,10,1,2,11,19,3,0,2,3,0,0,1.5,4.0,7.0,2020-2021,LaLiga
SP1,2020-11-07,Ath Madrid,Cadiz,4,0,H,2,0,H,17,10,7,3,10,9,2,7,1,1,0,0,1.4,4.2,10.0,2020-2021,LaLiga
SP1,2020-11-08,Getafe,Villarreal,1,3,A,1,2,A,13,9,5,5,18,11,3,3,3,4,0,0,2.5,3.1,3.0,2020-2021,LaLiga
SP1,2020-11-08,Sociedad,Granada,2,0,H,2,0,H,22,2,9,1,8,11,15,0,2,1,1,0,1.65,3.8,5.25,2020-2021,LaLiga
SP1,2020-11-08,Levante,Alaves,1,1,D,0,1,A,18,6,5,2,12,16,12,1,1,6,0,1,2.15,3.4,3.4,2020-2021,LaLiga
SP1,2020-11-08,Valladolid,Ath Bilbao,2,1,H,1,0,H,7,17,4,2,23,11,2,11,4,2,0,0,3.3,2.9,2.37,2020-2021,LaLiga
SP1,2020-11-08,Valencia,Real Madrid,4,1,H,2,1,H,7,16,4,6,13,14,1,8,3,2,0,0,6.0,4.75,1.45,2020-2021,LaLiga
SP1,2020-11-20,Osasuna,Huesca,1,1,D,0,1,A,18,6,7,5,14,15,4,3,2,3,0,0,2.4,3.0,3.25,2020-2021,LaLiga
SP1,2020-11-21,Sevilla,Celta,4,2,H,2,2,D,15,10,10,7,14,20,3,2,2,2,0,0,1.72,3.6,5.25,2020-2021,LaLiga
SP1,2020-11-21,Ath Madrid,Barcelona,1,0,H,1,0,H,9,13,2,4,12,6,8,8,4,0,0,0,2.9,3.5,2.37,2020-2021,LaLiga
SP1,2020-11-21,Villarreal,Real Madrid,1,1,D,0,1,A,13,6,1,1,16,14,4,2,1,2,0,0,2.87,3.8,2.25,2020-2021,LaLiga
SP1,2020-11-21,Levante,Elche,1,1,D,1,0,H,13,11,5,5,15,11,5,4,1,4,0,0,1.57,4.0,5.75,2020-2021,LaLiga
SP1,2020-11-22,Eibar,Getafe,0,0,D,0,0,D,15,8,5,3,16,22,3,4,3,4,1,0,3.4,3.0,2.35,2020-2021,LaLiga
SP1,2020-11-22,Cadiz,Sociedad,0,1,A,0,0,D,2,14,0,4,14,14,1,6,2,1,0,0,4.0,3.8,1.85,2020-2021,LaLiga
SP1,2020-11-22,Granada,Valladolid,1,3,A,0,1,A,16,9,6,3,16,14,5,3,4,3,0,0,2.1,3.2,3.8,2020-2021,LaLiga
SP1,2020-11-22,Alaves,Valencia,2,2,D,2,0,H,13,13,3,5,21,16,4,5,1,1,0,0,2.7,3.2,2.8,2020-2021,LaLiga
SP1,2020-11-23,Ath Bilbao,Betis,4,0,H,2,0,H,14,7,9,1,16,8,6,3,0,0,0,0,2.2,3.3,3.4,2020-2021,LaLiga
SP1,2020-11-27,Valladolid,Levante,1,1,D,0,0,D,10,10,4,3,18,11,3,11,0,3,0,0,2.55,3.3,2.8,2020-2021,LaLiga
SP1,2020-11-28,Elche,Cadiz,1,1,D,1,0,H,4,7,3,2,16,15,1,9,6,2,1,0,3.2,3.0,2.45,2020-2021,LaLiga
SP1,2020-11-28,Valencia,Ath Madrid,0,1,A,0,0,D,5,14,2,6,12,15,2,7,2,5,0,0,4.75,3.8,1.72,2020-2021,LaLiga
SP1,2020-11-28,Huesca,Sevilla,0,1,A,0,0,D,5,16,1,4,14,9,1,10,4,3,0,0,4.0,3.3,2.0,2020-2021,LaLiga
SP1,2020-11-28,Real Madrid,Alaves,1,2,A,0,1,A,20,11,9,6,8,17,12,9,2,3,0,0,1.33,5.25,9.0,2020-2021,LaLiga
SP1,2020-11-29,Celta,Granada,3,1,H,1,1,D,17,9,8,2,14,13,8,0,4,3,1,0,2.0,3.5,3.75,2020-2021,LaLiga
SP1,2020-11-29,Sociedad,Villarreal,1,1,D,1,1,D,8,10,4,2,18,12,4,4,5,3,0,0,2.1,3.6,3.4,2020-2021,LaLiga
SP1,2020-11-29,Getafe,Ath Bilbao,1,1,D,0,1,A,11,5,3,2,16,23,3,2,2,4,0,0,2.8,2.9,2.8,2020-2021,LaLiga
SP1,2020-11-29,Barcelona,Osasuna,4,0,H,2,0,H,20,10,11,5,8,12,5,3,1,0,0,0,1.25,6.0,11.0,2020-2021,LaLiga
SP1,2020-11-30,Betis,Eibar,0,2,A,0,0,D,7,11,3,6,13,14,6,2,2,1,0,0,1.75,3.75,4.5,2020-2021,LaLiga
SP1,2020-12-04,Ath Bilbao,Celta,0,2,A,0,0,D,10,6,0,4,7,15,4,5,2,1,0,0,2.05,3.25,3.8,2020-2021,LaLiga
SP1,2020-12-05,Levante,Getafe,3,0,H,2,0,H,12,9,8,0,12,13,5,5,2,7,0,2,2.9,3.1,2.55,2020-2021,LaLiga
SP1,2020-12-05,Sevilla,Real Madrid,0,1,A,0,0,D,12,10,2,3,15,20,4,3,1,3,0,0,2.5,3.5,2.7,2020-2021,LaLiga
SP1,2020-12-05,Ath Madrid,Valladolid,2,0,H,0,0,D,15,13,4,3,10,10,4,4,4,2,0,0,1.4,4.33,9.5,2020-2021,LaLiga
SP1,2020-12-05,Cadiz,Barcelona,2,1,H,1,0,H,7,21,3,8,10,7,5,13,0,2,0,0,8.5,5.0,1.36,2020-2021,LaLiga
SP1,2020-12-06,Granada,Huesca,3,3,D,1,1,D,15,16,6,7,12,16,4,2,2,0,0,0,2.3,3.1,3.4,2020-2021,LaLiga
SP1,2020-12-06,Osasuna,Betis,0,2,A,0,0,D,10,12,0,5,16,12,2,5,3,2,0,0,2.62,3.3,2.7,2020-2021,LaLiga
SP1,2020-12-06,Villarreal,Elche,0,0,D,0,0,D,12,3,3,0,16,13,4,0,3,2,0,0,1.3,5.5,9.5,2020-2021,LaLiga
SP1,2020-12-06,Alaves,Sociedad,0,0,D,0,0,D,5,13,1,5,3,11,2,3,1,0,1,0,4.75,3.5,1.8,2020-2021,LaLiga
SP1,2020-12-07,Eibar,Valencia,0,0,D,0,0,D,19,6,3,4,15,10,8,0,3,2,0,0,2.45,3.1,3.1,2020-2021,LaLiga
SP1,2020-12-11,Valladolid,Osasuna,3,2,H,1,2,A,11,13,6,6,14,18,3,3,4,5,0,0,2.5,3.1,3.0,2020-2021,LaLiga
SP1,2020-12-12,Real Madrid,Ath Madrid,2,0,H,1,0,H,11,5,3,1,7,16,3,6,1,3,0,0,2.3,3.3,3.1,2020-2021,LaLiga
SP1,2020-12-12,Huesca,Alaves,1,0,H,0,0,D,11,3,3,1,14,20,5,2,1,4,0,0,2.2,3.2,3.5,2020-2021,LaLiga
SP1,2020-12-12,Getafe,Sevilla,0,1,A,0,0,D,8,8,2,0,14,13,5,3,2,3,0,0,3.75,3.2,2.1,2020-2021,LaLiga
SP1,2020-12-12,Valencia,Ath Bilbao,2,2,D,1,0,H,11,13,2,5,19,16,0,10,2,6,0,0,3.25,3.1,2.35,2020-2021,LaLiga
SP1,2020-12-13,Sociedad,Eibar,1,1,D,1,0,H,8,16,2,4,14,11,5,4,4,3,0,0,1.6,3.75,6.0,2020-2021,LaLiga
SP1,2020-12-13,Betis,Villarreal,1,1,D,0,1,A,11,7,5,2,13,14,4,8,2,3,0,0,3.1,3.5,2.25,2020-2021,LaLiga
SP1,2020-12-13,Elche,Granada,0,1,A,0,1,A,9,13,1,5,16,15,6,5,4,2,0,0,3.4,3.1,2.3,2020-2021,LaLiga
SP1,2020-12-13,Barcelona,Levante,1,0,H,0,0,D,24,7,13,3,4,15,12,4,2,1,0,0,1.22,7.0,11.0,2020-2021,LaLiga
SP1,2020-12-14,Celta,Cadiz,4,0,H,4,0,H,8,12,5,2,24,9,1,5,2,1,0,0,1.72,3.6,5.25,2020-2021,LaLiga
SP1,2020-12-15,Real Madrid,Ath Bilbao,3,1,H,1,0,H,18,10,5,4,8,9,6,6,1,3,0,1,1.53,4.33,5.75,2020-2021,LaLiga
SP1,2020-12-16,Barcelona,Sociedad,2,1,H,2,1,H,14,12,4,5,18,14,2,3,3,3,0,0,1.6,4.5,5.0,2020-2021,LaLiga
SP1,2020-12-18,Ath Bilbao,Huesca,2,0,H,0,0,D,10,6,3,1,9,16,5,5,0,3,0,1,1.9,3.3,4.33,2020-2021,LaLiga
SP1,2020-12-19,Sevilla,Valladolid,1,1,D,1,0,H,14,12,3,5,14,10,7,7,3,4,0,0,1.53,3.75,7.5,2020-2021,LaLiga
SP1,2020-12-19,Osasuna,Villarreal,1,3,A,0,2,A,6,13,1,6,17,16,2,2,2,2,1,0,3.6,3.4,2.1,2020-2021,LaLiga
SP1,2020-12-19,Levante,Sociedad,2,1,H,1,1,D,13,15,5,5,19,14,3,4,2,1,0,0,3.4,3.4,2.15,2020-2021,LaLiga
SP1,2020-12-19,Barcelona,Valencia,2,2,D,1,1,D,25,12,9,4,10,14,8,3,4,2,0,0,1.3,6.0,8.5,2020-2021,LaLiga
SP1,2020-12-19,Ath Madrid,Elche,3,1,H,1,0,H,12,8,6,3,13,14,2,5,1,2,0,0,1.2,6.0,19.0,2020-2021,LaLiga
SP1,2020-12-20,Celta,Alaves,2,0,H,1,0,H,11,8,3,2,18,12,3,5,2,2,0,0,1.7,4.0,4.75,2020-2021,LaLiga
SP1,2020-12-20,Granada,Betis,2,0,H,2,0,H,8,14,3,1,21,16,1,10,3,4,0,0,2.45,3.4,2.87,2020-2021,LaLiga
SP1,2020-12-20,Cadiz,Getafe,0,2,A,0,1,A,8,6,1,4,6,22,2,4,1,6,0,0,3.3,2.9,2.45,2020-2021,LaLiga
SP1,2020-12-20,Eibar,Real Madrid,1,3,A,1,2,A,10,11,3,5,11,7,4,4,1,0,0,0,6.5,4.2,1.5,2020-2021,LaLiga
SP1,2020-12-22,Elche,Osasuna,2,2,D,0,1,A,7,15,2,6,8,17,4,4,1,2,0,1,3.3,3.0,2.37,2020-2021,LaLiga
SP1,2020-12-22,Valencia,Sevilla,0,1,A,0,0,D,10,19,4,3,11,17,3,5,3,2,0,0,3.75,3.4,2.0,2020-2021,LaLiga
SP1,2020-12-22,Huesca,Levante,1,1,D,1,0,H,11,9,2,1,10,17,10,3,2,3,0,0,2.62,3.4,2.6,2020-2021,LaLiga
SP1,2020-12-22,Sociedad,Ath Madrid,0,2,A,0,0,D,6,8,1,3,20,17,5,5,3,3,0,0,3.3,3.2,2.25,2020-2021,LaLiga
SP1,2020-12-22,Valladolid,Barcelona,0,3,A,0,2,A,12,21,5,10,12,10,4,5,1,2,0,0,7.0,5.4,1.36,2020-2021,LaLiga
SP1,2020-12-22,Villarreal,Ath Bilbao,1,1,D,0,1,A,17,9,6,3,10,18,6,4,1,1,0,0,2.0,3.4,3.8,2020-2021,LaLiga
SP1,2020-12-23,Alaves,Eibar,2,1,H,2,1,H,13,8,3,4,10,14,2,7,4,2,0,0,2.75,2.87,2.9,2020-2021,LaLiga
SP1,2020-12-23,Betis,Cadiz,1,0,H,0,0,D,6,6,1,3,18,9,5,5,1,1,0,0,1.9,3.5,4.1,2020-2021,LaLiga
SP1,2020-12-23,Getafe,Celta,1,1,D,1,1,D,6,2,3,1,17,16,1,4,3,3,0,0,2.75,3.0,2.8,2020-2021,LaLiga
SP1,2020-12-23,Real Madrid,Granada,2,0,H,0,0,D,23,10,6,1,13,11,8,1,2,1,0,0,1.33,5.25,9.0,2020-2021,LaLiga
SP1,2020-12-29,Sevilla,Villarreal,2,0,H,1,0,H,10,6,3,2,13,14,4,7,1,4,0,0,2.25,3.3,3.25,2020-2021,LaLiga
SP1,2020-12-29,Barcelona,Eibar,1,1,D,0,0,D,16,9,5,3,6,15,5,7,0,2,0,0,1.28,5.75,9.5,2020-2021,LaLiga
SP1,2020-12-29,Cadiz,Valladolid,0,0,D,0,0,D,8,7,3,1,14,13,1,6,3,2,0,0,2.87,2.9,2.75,2020-2021,LaLiga
SP1,2020-12-29,Levante,Betis,4,3,H,3,1,H,10,19,5,7,9,14,3,6,3,2,1,0,2.4,3.4,2.9,2020-2021,LaLiga
SP1,2020-12-30,Granada,Valencia,2,1,H,1,1,D,24,16,5,6,16,15,6,6,4,4,1,2,2.2,3.3,3.4,2020-2021,LaLiga
SP1,2020-12-30,Ath Madrid,Getafe,1,0,H,1,0,H,10,10,3,2,7,12,5,2,2,3,0,0,1.44,4.2,8.5,2020-2021,LaLiga
SP1,2020-12-30,Celta,Huesca,2,1,H,1,0,H,15,17,6,6,19,8,0,5,2,0,0,0,1.75,3.75,4.6,2020-2021,LaLiga
SP1,2020-12-30,Elche,Real Madrid,1,1,D,0,1,A,6,14,3,6,8,18,2,3,1,4,0,0,10.0,6.5,1.25,2020-2021,LaLiga
SP1,2020-12-31,Ath Bilbao,Sociedad,0,1,A,0,1,A,4,13,0,3,23,18,2,4,5,4,0,0,3.0,3.2,2.5,2020-2021,LaLiga
SP1,2020-12-31,Osasuna,Alaves,1,1,D,0,0,D,8,15,3,1,12,9,5,4,3,4,1,0,2.35,3.25,3.1,2020-2021,LaLiga
SP1,2021-01-02,Real Madrid,Celta,2,0,H,1,0,H,9,6,2,1,14,14,1,5,4,2,0,0,1.44,4.75,6.5,2020-2021,LaLiga
SP1,2021-01-02,Getafe,Valladolid,0,1,A,0,1,A,11,8,4,2,13,13,5,9,3,2,0,0,1.95,3.1,4.5,2020-2021,LaLiga
SP1,2021-01-02,Villarreal,Levante,2,1,H,1,0,H,12,9,7,2,12,11,3,5,1,1,0,0,1.65,3.8,5.5,2020-2021,LaLiga
SP1,2021-01-02,Betis,Sevilla,1,1,D,0,0,D,16,6,3,2,15,18,2,1,5,2,0,0,3.9,3.5,1.95,2020-2021,LaLiga
SP1,2021-01-03,Ath Bilbao,Elche,1,0,H,1,0,H,13,5,2,2,15,13,5,4,2,1,0,0,1.5,3.8,8.0,2020-2021,LaLiga
SP1,2021-01-03,Alaves,Ath Madrid,1,2,A,0,1,A,4,8,1,4,14,12,1,5,0,2,1,0,7.0,3.75,1.53,2020-2021,LaLiga
SP1,2021-01-03,Eibar,Granada,2,0,H,0,0,D,15,6,7,3,10,9,4,2,2,1,0,0,2.37,3.0,3.3,2020-2021,LaLiga
SP1,2021-01-03,Sociedad,Osasuna,1,1,D,0,1,A,8,6,2,2,15,8,7,2,1,1,0,0,1.53,4.0,6.5,2020-2021,LaLiga
SP1,2021-01-03,Huesca,Barcelona,0,1,A,0,1,A,4,20,4,7,12,11,2,6,1,0,0,0,6.5,4.75,1.44,2020-2021,LaLiga
SP1,2021-01-04,Valencia,Cadiz,1,1,D,0,0,D,11,9,4,2,11,17,9,7,2,2,0,0,2.0,3.4,3.75,2020-2021,LaLiga
SP1,2021-01-06,Ath Bilbao,Barcelona,2,3,A,1,2,A,8,13,3,9,10,6,3,4,2,1,0,0,4.2,3.6,1.83,2020-2021,LaLiga
SP1,2021-01-08,Celta,Villarreal,0,4,A,0,4,A,8,15,3,6,15,18,3,4,1,0,0,0,3.4,3.3,2.2,2020-2021,LaLiga
SP1,2021-01-09,Sevilla,Sociedad,3,2,H,2,2,D,12,10,7,4,8,18,2,9,0,3,0,0,2.2,3.1,3.6,2020-2021,LaLiga
SP1,2021-01-09,Granada,Barcelona,0,4,A,0,3,A,8,13,4,4,16,3,4,1,2,3,1,0,6.5,5.25,1.4,2020-2021,LaLiga
SP1,2021-01-09,Osasuna,Real Madrid,0,0,D,0,0,D,8,9,2,1,9,3,2,4,0,0,0,0,6.5,4.75,1.45,2020-2021,LaLiga
SP1,2021-01-10,Cadiz,Alaves,3,1,H,1,1,D,10,5,7,2,17,10,4,1,1,4,0,1,2.7,2.9,3.0,2020-2021,LaLiga
SP1,2021-01-10,Levante,Eibar,2,1,H,0,0,D,4,17,2,4,12,8,4,9,2,0,0,0,2.25,3.4,3.2,2020-2021,LaLiga
SP1,2021-01-10,Valladolid,Valencia,0,1,A,0,0,D,11,17,4,6,14,14,0,4,2,3,0,0,2.37,3.25,3.1,2020-2021,LaLiga
SP1,2021-01-11,Huesca,Betis,0,2,A,0,0,D,10,15,3,5,12,13,3,6,2,2,0,1,2.8,3.3,2.55,2020-2021,LaLiga
SP1,2021-01-11,Elche,Getafe,1,3,A,1,1,D,7,14,4,7,14,16,1,7,4,2,1,0,4.33,2.9,2.1,2020-2021,LaLiga
SP1,2021-01-12,Granada,Osasuna,2,0,H,2,0,H,9,15,2,3,16,17,4,4,1,4,0,0,2.3,3.1,3.4,2020-2021,LaLiga
SP1,2021-01-12,Ath Madrid,Sevilla,2,0,H,1,0,H,5,13,4,2,14,11,3,12,2,0,0,0,1.9,3.2,4.5,2020-2021,LaLiga
SP1,2021-01-19,Cadiz,Levante,2,2,D,2,2,D,8,8,2,5,13,11,5,2,3,1,0,0,2.9,3.1,2.55,2020-2021,LaLiga
SP1,2021-01-19,Valladolid,Elche,2,2,D,0,2,A,13,9,2,3,14,19,4,5,1,3,1,0,1.83,3.4,4.6,2020-2021,LaLiga
SP1,2021-01-19,Alaves,Sevilla,1,2,A,1,2,A,12,7,3,3,15,14,3,2,3,3,0,0,5.5,3.6,1.66,2020-2021,LaLiga
SP1,2021-01-20,Getafe,Huesca,1,0,H,0,0,D,12,15,5,3,15,14,3,8,2,4,0,0,1.9,3.25,4.5,2020-2021,LaLiga
SP1,2021-01-20,Betis,Celta,2,1,H,2,1,H,12,10,4,3,13,15,5,6,2,3,0,0,2.1,3.5,3.4,2020-2021,LaLiga
SP1,2021-01-20,Villarreal,Granada,2,2,D,1,1,D,9,3,3,2,11,11,3,0,2,4,0,1,1.5,4.0,7.0,2020-2021,LaLiga
SP1,2021-01-21,Valencia,Osasuna,1,1,D,0,1,A,10,14,3,5,8,17,9,4,1,3,0,0,2.05,3.5,3.5,2020-2021,LaLiga
SP1,2021-01-21,Eibar,Ath Madrid,1,2,A,1,1,D,12,9,2,4,24,9,3,3,2,2,0,0,6.5,3.4,1.66,2020-2021,LaLiga
SP1,2021-01-22,Levante,Valladolid,2,2,D,0,0,D,11,7,3,3,16,12,8,2,0,1,0,0,1.95,3.4,4.0,2020-2021,LaLiga
SP1,2021-01-23,Alaves,Real Madrid,1,4,A,0,3,A,14,10,4,7,16,7,4,4,5,3,0,0,5.5,4.33,1.55,2020-2021,LaLiga
SP1,2021-01-23,Sociedad,Betis,2,2,D,0,0,D,12,7,6,4,14,13,8,3,2,2,0,0,1.8,3.75,4.33,2020-2021,LaLiga
SP1,2021-01-23,Sevilla,Cadiz,3,0,H,2,0,H,15,9,7,3,12,6,7,6,1,3,0,0,1.45,4.2,8.0,2020-2021,LaLiga
SP1,2021-01-23,Huesca,Villarreal,0,0,D,0,0,D,5,8,1,2,9,15,1,2,3,1,0,0,4.33,3.75,1.8,2020-2021,LaLiga
SP1,2021-01-24,Osasuna,Granada,3,1,H,2,0,H,7,12,4,1,15,15,1,5,5,4,1,0,2.5,3.1,3.0,2020-2021,LaLiga
SP1,2021-01-24,Elche,Barcelona,0,2,A,0,1,A,4,15,2,8,15,9,0,7,0,2,0,0,8.0,5.25,1.36,2020-2021,LaLiga
SP1,2021-01-24,Celta,Eibar,1,1,D,1,0,H,7,9,4,2,10,16,0,6,4,3,0,0,2.05,3.4,3.75,2020-2021,LaLiga
SP1,2021-01-24,Ath Madrid,Valencia,3,1,H,1,1,D,14,8,5,4,11,14,7,7,2,0,0,0,1.4,4.75,8.0,2020-2021,LaLiga
SP1,2021-01-25,Ath Bilbao,Getafe,5,1,H,1,1,D,11,6,8,2,13,18,4,4,4,4,0,0,2.3,3.0,3.6,2020-2021,LaLiga
SP1,2021-01-29,Valladolid,Huesca,1,3,A,0,1,A,14,11,4,5,12,12,6,7,2,2,0,0,2.2,3.1,3.6,2020-2021,LaLiga
SP1,2021-01-30,Eibar,Sevilla,0,2,A,0,1,A,17,7,6,4,10,12,6,2,4,3,0,0,4.0,3.25,2.0,2020-2021,LaLiga
SP1,2021-01-30,Real Madrid,Levante,1,2,A,1,1,D,8,14,2,8,9,20,3,7,1,2,1,0,1.33,5.5,8.0,2020-2021,LaLiga
SP1,2021-01-30,Valencia,Elche,1,0,H,1,0,H,14,10,4,1,18,15,4,10,1,7,0,0,1.66,3.75,5.5,2020-2021,LaLiga
SP1,2021-01-30,Villarreal,Sociedad,1,1,D,1,0,H,4,12,2,3,10,17,1,7,1,3,0,0,2.4,3.2,3.1,2020-2021,LaLiga
SP1,2021-01-31,Barcelona,Ath Bilbao,2,1,H,1,0,H,12,7,6,2,12,20,7,3,2,3,0,0,1.36,5.25,7.5,2020-2021,LaLiga
SP1,2021-01-31,Cadiz,Ath Madrid,2,4,A,1,2,A,11,9,6,4,7,7,2,2,1,5,0,0,9.0,4.0,1.44,2020-2021,LaLiga
SP1,2021-01-31,Getafe,Alaves,0,0,D,0,0,D,5,5,1,1,20,17,5,2,3,3,0,0,1.9,3.2,4.5,2020-2021,LaLiga
SP1,2021-01-31,Granada,Celta,0,0,D,0,0,D,10,7,5,1,16,19,6,5,2,4,0,0,2.7,3.3,2.62,2020-2021,LaLiga
SP1,2021-02-01,Betis,Osasuna,1,0,H,0,0,D,8,15,4,5,12,6,3,4,1,1,0,0,1.8,3.6,4.33,2020-2021,LaLiga
SP1,2021-02-05,Alaves,Valladolid,1,0,H,0,0,D,20,3,5,1,11,17,11,1,4,4,0,0,2.6,3.0,3.0,2020-2021,LaLiga
SP1,2021-02-06,Levante,Granada,2,2,D,1,1,D,11,11,7,5,12,13,6,2,1,3,0,0,2.2,3.3,3.4,2020-2021,LaLiga
SP1,2021-02-06,Huesca,Real Madrid,1,2,A,0,0,D,13,18,2,7,18,9,3,10,2,1,0,0,7.0,4.5,1.44,2020-2021,LaLiga
SP1,2021-02-06,Elche,Villarreal,2,2,D,0,2,A,8,9,2,4,17,5,4,2,1,2,0,0,6.5,3.8,1.53,2020-2021,LaLiga
SP1,2021-02-06,Sevilla,Getafe,3,0,H,0,0,D,17,5,5,1,10,11,3,1,1,4,0,1,1.72,3.6,4.75,2020-2021,LaLiga
SP1,2021-02-07,Betis,Barcelona,2,3,A,1,0,H,8,12,5,4,21,7,3,5,1,3,0,0,5.75,4.6,1.5,2020-2021,LaLiga
SP1,2021-02-07,Sociedad,Cadiz,4,1,H,2,0,H,17,2,6,1,7,7,5,1,0,2,0,1,1.45,4.2,8.0,2020-2021,LaLiga
SP1,2021-02-07,Ath Bilbao,Valencia,1,1,D,1,0,H,11,15,2,2,10,8,6,6,2,1,0,0,2.15,3.2,3.6,2020-2021,LaLiga
SP1,2021-02-07,Osasuna,Eibar,2,1,H,1,1,D,12,12,4,3,10,11,2,1,0,0,0,0,2.55,3.0,3.0,2020-2021,LaLiga
SP1,2021-02-08,Ath Madrid,Celta,2,2,D,1,1,D,9,7,2,2,12,17,1,4,2,2,0,0,1.6,3.6,6.5,2020-2021,LaLiga
SP1,2021-02-09,Real Madrid,Getafe,2,0,H,0,0,D,14,1,4,0,8,16,8,1,1,1,0,0,1.53,4.0,6.5,2020-2021,LaLiga
SP1,2021-02-12,Celta,Elche,3,1,H,2,0,H,9,7,6,2,11,15,3,6,3,2,0,0,1.45,4.2,8.0,2020-2021,LaLiga
SP1,2021-02-13,Granada,Ath Madrid,1,2,A,0,0,D,6,10,1,4,14,20,7,3,0,5,0,0,5.0,3.3,1.8,2020-2021,LaLiga
SP1,2021-02-13,Sevilla,Huesca,1,0,H,0,0,D,14,9,4,5,14,15,6,6,3,4,0,0,1.5,3.9,7.5,2020-2021,LaLiga
SP1,2021-02-13,Eibar,Valladolid,1,1,D,1,1,D,14,5,2,1,15,12,7,3,2,3,0,0,1.95,3.3,4.2,2020-2021,LaLiga
SP1,2021-02-13,Barcelona,Alaves,5,1,H,2,0,H,17,6,9,2,10,14,5,4,0,2,0,0,1.28,6.0,9.0,2020-2021,LaLiga
SP1,2021-02-14,Getafe,Sociedad,0,1,A,0,1,A,4,3,0,2,23,19,2,5,3,3,1,0,3.75,3.25,2.1,2020-2021,LaLiga
SP1,2021-02-14,Real Madrid,Valencia,2,0,H,2,0,H,16,4,7,1,13,12,6,1,0,3,0,0,1.4,4.75,8.0,2020-2021,LaLiga
SP1,2021-02-14,Levante,Osasuna,0,1,A,0,0,D,13,7,4,2,13,10,2,1,1,2,0,0,2.25,3.2,3.4,2020-2021,LaLiga
SP1,2021-02-14,Villarreal,Betis,1,2,A,0,1,A,9,15,5,4,19,13,7,3,3,2,0,0,1.9,3.4,4.2,2020-2021,LaLiga
SP1,2021-02-15,Cadiz,Ath Bilbao,0,4,A,0,3,A,11,13,2,8,15,13,5,8,3,2,0,0,4.0,3.1,2.05,2020-2021,LaLiga
SP1,2021-02-17,Levante,Ath Madrid,1,1,D,1,1,D,7,14,4,6,10,10,1,8,1,3,0,0,4.75,3.4,1.8,2020-2021,LaLiga
SP1,2021-02-19,Betis,Getafe,1,0,H,0,0,D,12,6,5,1,17,18,5,2,5,4,1,0,2.05,3.1,4.1,2020-2021,LaLiga
SP1,2021-02-20,Valencia,Celta,2,0,H,0,0,D,10,5,3,2,9,19,6,1,2,3,0,1,2.45,3.2,3.0,2020-2021,LaLiga
SP1,2021-02-20,Valladolid,Real Madrid,0,1,A,0,0,D,9,10,5,2,13,11,4,5,4,2,0,0,5.5,4.2,1.57,2020-2021,LaLiga
SP1,2021-02-20,Elche,Eibar,1,0,H,1,0,H,6,13,2,3,16,9,1,4,2,1,0,0,3.6,3.25,2.15,2020-2021,LaLiga
SP1,2021-02-20,Ath Madrid,Levante,0,2,A,0,1,A,28,6,11,1,10,15,12,2,2,3,0,0,1.53,4.0,7.0,2020-2021,LaLiga
SP1,2021-02-21,Huesca,Granada,3,2,H,3,1,H,15,8,6,5,13,14,5,2,3,3,0,1,2.15,3.3,3.5,2020-2021,LaLiga
SP1,2021-02-21,Ath Bilbao,Villarreal,1,1,D,1,1,D,18,3,8,2,12,12,6,0,2,2,0,0,2.45,3.2,3.0,2020-2021,LaLiga
SP1,2021-02-21,Barcelona,Cadiz,1,1,D,1,0,H,20,3,4,1,13,12,8,0,0,2,0,0,1.16,8.0,13.0,2020-2021,LaLiga
SP1,2021-02-21,Sociedad,Alaves,4,0,H,1,0,H,8,7,4,2,17,16,4,3,3,2,0,0,1.66,3.75,5.5,2020-2021,LaLiga
SP1,2021-02-22,Osasuna,Sevilla,0,2,A,0,1,A,6,10,0,5,14,15,3,5,2,2,0,0,4.0,3.3,2.0,2020-2021,LaLiga
SP1,2021-02-24,Barcelona,Elche,3,0,H,0,0,D,9,6,5,1,8,8,6,3,0,0,0,0,1.12,9.0,19.0,2020-2021,LaLiga
SP1,2021-02-26,Levante,Ath Bilbao,1,1,D,1,0,H,10,11,4,5,11,13,2,10,3,1,0,1,3.3,3.25,2.25,2020-2021,LaLiga
SP1,2021-02-27,Eibar,Huesca,1,1,D,0,0,D,17,4,3,1,19,11,6,2,2,2,0,0,2.15,3.3,3.5,2020-2021,LaLiga
SP1,2021-02-27,Sevilla,Barcelona,0,2,A,0,1,A,4,9,2,5,20,9,3,3,5,2,0,0,3.2,3.5,2.2,2020-2021,LaLiga
SP1,2021-02-27,Alaves,Osasuna,0,1,A,0,0,D,4,6,1,3,18,20,5,2,3,4,0,0,2.62,2.9,3.0,2020-2021,LaLiga
SP1,2021-02-27,Getafe,Valencia,3,0,H,1,0,H,15,5,4,0,21,12,3,6,5,2,0,1,2.5,3.0,3.1,2020-2021,LaLiga
SP1,2021-02-28,Celta,Valladolid,1,1,D,0,0,D,11,7,2,3,20,20,3,5,3,5,0,0,1.75,3.75,4.5,2020-2021,LaLiga
SP1,2021-02-28,Cadiz,Betis,0,1,A,0,0,D,5,9,3,4,9,13,3,7,1,2,0,0,3.8,3.3,2.05,2020-2021,LaLiga
SP1,2021-02-28,Granada,Elche,2,1,H,1,1,D,13,12,4,4,14,12,5,5,3,2,0,0,2.1,3.1,4.0,2020-2021,LaLiga
SP1,2021-02-28,Villarreal,Ath Madrid,0,2,A,0,1,A,19,6,6,5,15,19,10,2,2,3,0,0,3.2,3.1,2.45,2020-2021,LaLiga
SP1,2021-03-01,Real Madrid,Sociedad,1,1,D,0,0,D,21,6,2,2,5,10,13,4,0,1,0,0,1.83,4.0,4.0,2020-2021,LaLiga
SP1,2021-03-05,Valencia,Villarreal,2,1,H,0,1,A,25,10,4,5,12,10,5,3,4,3,0,0,4.0,3.4,1.95,2020-2021,LaLiga
SP1,2021-03-06,Valladolid,Getafe,2,1,H,2,1,H,4,9,3,2,16,19,1,6,2,2,0,1,3.0,2.8,2.7,2020-2021,LaLiga
SP1,2021-03-06,Elche,Sevilla,2,1,H,0,0,D,6,11,3,3,16,11,6,3,4,0,0,0,6.5,3.6,1.6,2020-2021,LaLiga
SP1,2021-03-06,Cadiz,Eibar,1,0,H,1,0,H,6,16,2,1,7,11,0,12,2,2,0,0,3.25,3.2,2.3,2020-2021,LaLiga
SP1,2021-03-06,Osasuna,Barcelona,0,2,A,0,1,A,10,13,3,6,4,12,3,4,0,2,0,0,5.75,4.5,1.5,2020-2021,LaLiga
SP1,2021-03-07,Huesca,Celta,3,4,A,2,2,D,19,10,7,7,12,21,6,3,0,2,0,0,3.0,3.3,2.4,2020-2021,LaLiga
SP1,2021-03-07,Ath Madrid,Real Madrid,1,1,D,1,0,H,11,18,5,8,19,9,1,6,5,1,0,0,2.55,3.25,2.8,2020-2021,LaLiga
SP1,2021-03-07,Sociedad,Levante,1,0,H,1,0,H,25,6,8,1,13,14,7,5,0,2,0,0,1.44,4.33,7.5,2020-2021,LaLiga
SP1,2021-03-07,Ath Bilbao,Granada,2,1,H,1,0,H,7,13,5,3,10,10,6,9,2,2,0,0,1.57,4.0,5.75,2020-2021,LaLiga
SP1,2021-03-08,Betis,Alaves,3,2,H,0,2,A,23,4,8,3,13,11,12,1,0,3,0,0,1.72,3.8,4.75,2020-2021,LaLiga
SP1,2021-03-10,Ath Madrid,Ath Bilbao,2,1,H,1,1,D,11,4,5,2,12,13,5,4,2,2,0,0,1.8,3.3,5.25,2020-2021,LaLiga
SP1,2021-03-12,Levante,Valencia,1,0,H,1,0,H,11,11,3,2,17,13,3,3,3,4,0,0,2.25,3.4,3.2,2020-2021,LaLiga
SP1,2021-03-13,Osasuna,Valladolid,0,0,D,0,0,D,14,12,2,2,12,9,7,3,2,3,0,0,2.2,3.1,3.6,2020-2021,LaLiga
SP1,2021-03-13,Getafe,Ath Madrid,0,0,D,0,0,D,11,15,2,7,9,17,3,11,1,4,1,0,4.75,3.1,1.9,2020-2021,LaLiga
SP1,2021-03-13,Alaves,Cadiz,1,1,D,1,0,H,9,9,3,1,22,6,2,5,3,3,1,0,2.15,3.1,3.8,2020-2021,LaLiga
SP1,2021-03-13,Real Madrid,Elche,2,1,H,0,0,D,17,3,4,2,11,16,6,1,1,1,0,0,1.18,7.0,15.0,2020-2021,LaLiga
SP1,2021-03-14,Celta,Ath Bilbao,0,0,D,0,0,D,13,6,3,1,20,13,1,3,3,1,0,0,2.7,3.2,2.7,2020-2021,LaLiga
SP1,2021-03-14,Granada,Sociedad,1,0,H,0,0,D,7,7,2,1,23,16,4,6,2,3,0,0,5.5,4.2,1.57,2020-2021,LaLiga
SP1,2021-03-14,Eibar,Villarreal,1,3,A,0,2,A,16,13,7,8,12,9,7,2,2,2,0,1,2.9,3.4,2.4,2020-2021,LaLiga
SP1,2021-03-14,Sevilla,Betis,1,0,H,1,0,H,9,13,3,3,12,14,3,6,3,5,0,0,2.0,3.4,3.75,2020-2021,LaLiga
SP1,2021-03-15,Barcelona,Huesca,4,1,H,2,1,H,12,8,5,4,8,13,7,3,0,2,0,0,1.18,7.5,13.0,2020-2021,LaLiga
SP1,2021-03-17,Sevilla,Elche,2,0,H,1,0,H,13,11,8,5,9,8,4,1,2,1,0,0,1.4,4.5,8.0,2020-2021,LaLiga
SP1,2021-03-19,Betis,Levante,2,0,H,0,0,D,15,7,6,1,14,10,4,1,2,0,0,0,1.72,3.8,4.5,2020-2021,LaLiga
SP1,2021-03-20,Ath Bilbao,Eibar,1,1,D,1,1,D,18,4,4,2,5,15,10,1,1,1,0,0,1.75,3.6,4.75,2020-2021,LaLiga
SP1,2021-03-20,Celta,Real Madrid,1,3,A,1,2,A,8,16,3,4,23,13,1,7,3,4,0,0,4.33,4.0,1.72,2020-2021,LaLiga
SP1,2021-03-20,Huesca,Osasuna,0,0,D,0,0,D,15,7,3,2,9,13,5,1,1,2,0,0,2.45,3.2,3.0,2020-2021,LaLiga
SP1,2021-03-20,Valladolid,Sevilla,1,1,D,1,0,H,3,12,2,4,17,10,2,8,3,1,0,0,4.33,3.5,1.83,2020-2021,LaLiga
SP1,2021-03-21,Sociedad,Barcelona,1,6,A,0,2,A,10,14,5,10,11,12,1,1,3,2,0,0,3.6,3.8,1.95,2020-2021,LaLiga
SP1,2021-03-21,Ath Madrid,Alaves,1,0,H,0,0,D,8,9,4,3,17,12,5,5,3,3,0,0,1.36,4.5,10.0,2020-2021,LaLiga
SP1,2021-03-21,Villarreal,Cadiz,2,1,H,1,0,H,13,9,4,3,14,6,5,6,3,3,0,0,1.44,4.2,7.5,2020-2021,LaLiga
SP1,2021-03-21,Getafe,Elche,1,1,D,0,1,A,12,6,5,2,17,21,4,8,3,7,0,0,1.83,3.25,4.75,2020-2021,LaLiga
SP1,2021-03-21,Valencia,Granada,2,1,H,1,0,H,18,15,9,3,11,11,3,4,0,3,0,0,2.0,3.5,3.75,2020-2021,LaLiga
SP1,2021-04-02,Levante,Huesca,0,2,A,0,1,A,13,6,3,2,15,7,8,2,2,2,0,0,2.37,3.3,3.0,2020-2021,LaLiga
SP1,2021-04-03,Granada,Villarreal,0,3,A,0,2,A,6,15,2,6,14,14,3,5,2,2,0,0,3.8,3.3,2.05,2020-2021,LaLiga
SP1,2021-04-03,Real Madrid,Eibar,2,0,H,1,0,H,21,10,8,4,6,8,6,9,0,2,0,0,1.33,5.5,8.0,2020-2021,LaLiga
SP1,2021-04-03,Osasuna,Getafe,0,0,D,0,0,D,4,6,1,2,23,18,2,4,2,3,0,0,2.55,2.8,3.2,2020-2021,LaLiga
SP1,2021-04-04,Alaves,Celta,1,3,A,0,3,A,17,8,7,6,9,21,6,2,4,5,0,1,3.0,3.2,2.5,2020-2021,LaLiga
SP1,2021-04-04,Elche,Betis,1,1,D,1,1,D,7,13,3,3,9,15,7,2,1,4,0,0,4.33,3.75,1.8,2020-2021,LaLiga
SP1,2021-04-04,Cadiz,Valencia,2,1,H,1,1,D,6,12,2,6,10,7,4,13,2,2,0,0,3.1,3.1,2.45,2020-2021,LaLiga
SP1,2021-04-04,Sevilla,Ath Madrid,1,0,H,0,0,D,18,9,5,4,13,11,3,2,2,4,0,0,2.9,3.0,2.7,2020-2021,LaLiga
SP1,2021-04-05,Barcelona,Valladolid,1,0,H,0,0,D,25,7,10,2,12,13,4,1,3,3,0,1,1.12,9.0,19.0,2020-2021,LaLiga
SP1,2021-04-07,Sociedad,Ath Bilbao,1,1,D,0,0,D,12,11,2,2,18,7,3,6,3,1,0,0,2.1,3.3,3.6,2020-2021,LaLiga
SP1,2021-04-09,Huesca,Elche,3,1,H,2,1,H,8,8,5,2,17,13,6,6,2,2,0,0,2.0,3.2,4.1,2020-2021,LaLiga
SP1,2021-04-10,Real Madrid,Barcelona,2,1,H,2,0,H,14,18,3,4,16,10,5,6,3,4,1,0,2.8,3.8,2.3,2020-2021,LaLiga
SP1,2021-04-10,Eibar,Levante,0,1,A,0,1,A,10,6,4,1,9,7,6,3,3,2,0,0,2.2,3.5,3.1,2020-2021,LaLiga
SP1,2021-04-10,Ath Bilbao,Alaves,0,0,D,0,0,D,11,9,4,0,13,15,6,6,2,2,0,0,1.9,3.3,4.4,2020-2021,LaLiga
SP1,2021-04-10,Getafe,Cadiz,0,1,A,0,0,D,19,8,4,3,10,13,10,4,3,2,0,0,1.9,3.1,4.5,2020-2021,LaLiga
SP1,2021-04-11,Villarreal,Osasuna,1,2,A,0,0,D,15,12,6,4,6,12,6,5,0,0,0,0,1.61,3.6,6.0,2020-2021,LaLiga
SP1,2021-04-11,Valencia,Sociedad,2,2,D,0,2,A,9,16,2,5,11,17,4,5,6,4,1,0,3.5,3.3,2.1,2020-2021,LaLiga
SP1,2021-04-11,Valladolid,Granada,1,2,A,1,0,H,7,12,3,6,14,15,2,4,4,2,0,0,2.05,3.4,3.6,2020-2021,LaLiga
SP1,2021-04-11,Betis,Ath Madrid,1,1,D,1,1,D,8,10,4,4,12,13,5,5,0,0,0,0,3.25,3.2,2.3,2020-2021,LaLiga
SP1,2021-04-12,Celta,Sevilla,3,4,A,3,2,H,12,13,5,6,18,15,5,2,3,2,0,0,3.5,3.3,2.15,2020-2021,LaLiga
SP1,2021-04-18,Levante,Villarreal,1,5,A,1,2,A,12,14,3,7,9,7,4,5,2,1,0,0,3.75,3.4,2.05,2020-2021,LaLiga
SP1,2021-04-18,Getafe,Real Madrid,0,0,D,0,0,D,19,10,6,2,17,8,6,6,3,1,0,0,6.0,3.75,1.61,2020-2021,LaLiga
SP1,2021-04-18,Cadiz,Celta,0,0,D,0,0,D,5,11,2,4,6,13,4,7,0,1,0,0,3.6,3.5,2.05,2020-2021,LaLiga
SP1,2021-04-18,Betis,Valencia,2,2,D,2,1,H,9,9,5,3,12,10,6,3,3,1,0,0,1.85,3.6,4.2,2020-2021,LaLiga
SP1,2021-04-18,Alaves,Huesca,1,0,H,0,0,D,10,9,2,1,15,13,7,3,1,2,0,0,2.37,3.1,3.25,2020-2021,LaLiga
SP1,2021-04-18,Sociedad,Sevilla,1,2,A,1,2,A,5,15,2,7,20,15,7,3,3,2,0,0,2.9,3.25,2.45,2020-2021,LaLiga
SP1,2021-04-18,Osasuna,Elche,2,0,H,1,0,H,9,8,3,2,14,15,4,5,2,1,0,0,1.9,3.3,4.33,2020-2021,LaLiga
SP1,2021-04-18,Ath Madrid,Eibar,5,0,H,2,0,H,10,0,7,0,10,10,8,3,0,1,0,0,1.4,4.33,9.0,2020-2021,LaLiga
SP1,2021-04-21,Elche,Valladolid,1,1,D,1,0,H,9,12,3,4,23,11,4,6,5,3,0,0,2.8,3.0,2.7,2020-2021,LaLiga
SP1,2021-04-21,Cadiz,Real Madrid,0,3,A,0,3,A,14,14,3,4,13,21,7,3,4,3,0,0,9.0,4.75,1.36,2020-2021,LaLiga
SP1,2021-04-21,Alaves,Villarreal,2,1,H,1,0,H,9,10,4,5,8,11,3,8,2,1,0,0,4.33,3.6,1.83,2020-2021,LaLiga
SP1,2021-04-21,Levante,Sevilla,0,1,A,0,0,D,6,10,1,3,15,13,2,3,4,1,0,0,5.0,4.2,1.61,2020-2021,LaLiga
SP1,2021-04-21,Osasuna,Valencia,3,1,H,2,1,H,18,10,9,5,17,11,5,6,1,2,0,0,2.3,3.25,3.2,2020-2021,LaLiga
SP1,2021-04-21,Betis,Ath Bilbao,0,0,D,0,0,D,6,16,2,4,10,16,5,4,3,2,1,0,2.37,3.3,3.0,2020-2021,LaLiga
SP1,2021-04-22,Ath Madrid,Huesca,2,0,H,1,0,H,18,5,12,2,9,11,8,1,2,0,0,0,1.36,4.75,9.0,2020-2021,LaLiga
SP1,2021-04-22,Granada,Eibar,4,1,H,2,0,H,8,16,4,3,13,10,4,7,1,1,0,0,2.37,3.1,3.2,2020-2021,LaLiga
SP1,2021-04-22,Sociedad,Celta,2,1,H,2,1,H,7,10,3,3,17,17,2,4,4,5,0,0,1.9,3.5,4.1,2020-2021,LaLiga
SP1,2021-04-22,Barcelona,Getafe,5,2,H,3,1,H,9,5,6,1,8,15,3,1,2,0,0,0,1.25,5.75,13.0,2020-2021,LaLiga
SP1,2021-04-24,Elche,Levante,1,0,H,1,0,H,8,6,3,1,10,14,4,2,3,4,0,0,2.7,3.2,2.6,2020-2021,LaLiga
SP1,2021-04-24,Valladolid,Cadiz,1,1,D,1,0,H,13,6,6,2,11,20,5,7,1,3,0,0,1.9,3.25,4.33,2020-2021,LaLiga
SP1,2021-04-24,Valencia,Alaves,1,1,D,0,0,D,9,6,2,2,17,16,7,2,4,0,0,1,2.1,3.25,3.6,2020-2021,LaLiga
SP1,2021-04-24,Real Madrid,Betis,0,0,D,0,0,D,17,6,5,2,17,13,8,2,1,2,0,0,1.45,4.75,6.5,2020-2021,LaLiga
SP1,2021-04-25,Ath Bilbao,Ath Madrid,2,1,H,1,0,H,11,14,3,3,20,7,4,11,4,2,0,0,4.0,3.5,1.85,2020-2021,LaLiga
SP1,2021-04-25,Sevilla,Granada,2,1,H,1,0,H,10,4,4,2,11,14,5,5,2,3,0,0,1.4,4.75,7.5,2020-2021,LaLiga
SP1,2021-04-25,Huesca,Getafe,0,2,A,0,1,A,8,6,1,4,16,22,1,0,2,4,0,0,2.75,2.9,2.8,2020-2021,LaLiga
SP1,2021-04-25,Villarreal,Barcelona,1,2,A,1,2,A,10,15,4,5,16,10,6,1,2,3,1,0,4.5,4.2,1.66,2020-2021,LaLiga
SP1,2021-04-25,Celta,Osasuna,2,1,H,1,0,H,7,12,2,3,13,12,2,8,1,4,0,0,2.2,3.3,3.25,2020-2021,LaLiga
SP1,2021-04-26,Eibar,Sociedad,0,1,A,0,1,A,14,5,5,2,8,20,2,3,5,1,0,0,4.0,3.6,1.85,2020-2021,LaLiga
SP1,2021-04-28,Ath Bilbao,Valladolid,2,2,D,1,0,H,13,14,7,4,8,13,5,7,1,1,0,0,1.85,3.2,5.0,2020-2021,LaLiga
SP1,2021-04-29,Barcelona,Granada,1,2,A,1,0,H,16,6,4,2,10,22,6,1,0,4,0,0,1.14,8.0,17.0,2020-2021,LaLiga
SP1,2021-04-30,Celta,Levante,2,0,H,0,0,D,8,10,5,2,12,13,1,5,2,2,0,0,1.8,3.75,4.33,2020-2021,LaLiga
SP1,2021-05-01,Eibar,Alaves,3,0,H,1,0,H,15,6,4,2,12,12,10,5,0,2,0,0,2.5,3.1,3.0,2020-2021,LaLiga
SP1,2021-05-01,Elche,Ath Madrid,0,1,A,0,1,A,6,11,1,4,20,16,3,2,3,3,0,0,9.0,4.33,1.4,2020-2021,LaLiga
SP1,2021-05-01,Huesca,Sociedad,1,0,H,0,0,D,10,7,3,3,14,11,2,7,2,2,0,0,3.75,3.5,2.0,2020-2021,LaLiga
SP1,2021-05-01,Real Madrid,Osasuna,2,0,H,0,0,D,22,3,6,2,9,12,7,0,0,2,0,0,1.36,5.0,8.5,2020-2021,LaLiga
SP1,2021-05-02,Valencia,Barcelona,2,3,A,0,0,D,9,14,4,7,12,14,2,1,2,1,0,0,7.0,5.5,1.36,2020-2021,LaLiga
SP1,2021-05-02,Granada,Cadiz,0,1,A,0,1,A,9,8,2,4,12,10,6,5,7,2,1,0,1.85,3.3,4.75,2020-2021,LaLiga
SP1,2021-05-02,Valladolid,Betis,1,1,D,0,0,D,10,11,2,4,7,14,3,2,2,5,0,0,3.0,3.5,2.3,2020-2021,LaLiga
SP1,2021-05-02,Villarreal,Getafe,1,0,H,0,0,D,4,15,3,3,13,17,4,4,1,2,0,0,2.1,2.9,4.1,2020-2021,LaLiga
SP1,2021-05-03,Sevilla,Ath Bilbao,0,1,A,0,0,D,18,8,3,2,13,15,6,2,1,0,0,0,1.57,4.0,5.75,2020-2021,LaLiga
SP1,2021-05-07,Sociedad,Elche,2,0,H,0,0,D,16,1,3,0,8,10,7,0,1,3,0,1,1.45,4.1,8.0,2020-2021,LaLiga
SP1,2021-05-08,Alaves,Levante,2,2,D,1,2,A,15,6,5,3,12,18,8,3,2,1,0,0,2.1,3.4,3.5,2020-2021,LaLiga
SP1,2021-05-08,Barcelona,Ath Madrid,0,0,D,0,0,D,12,11,7,6,13,26,5,7,3,3,0,0,1.75,3.8,4.5,2020-2021,LaLiga
SP1,2021-05-08,Cadiz,Huesca,2,1,H,2,1,H,11,13,1,5,14,13,3,3,4,0,0,0,3.6,3.2,2.15,2020-2021,LaLiga
SP1,2021-05-08,Ath Bilbao,Osasuna,2,2,D,1,1,D,13,13,3,4,4,10,10,4,1,2,0,0,1.8,3.5,4.75,2020-2021,LaLiga
SP1,2021-05-09,Getafe,Eibar,0,1,A,0,0,D,10,7,2,3,11,11,4,2,1,2,0,0,2.15,3.1,3.75,2020-2021,LaLiga
SP1,2021-05-09,Valencia,Valladolid,3,0,H,1,0,H,6,19,3,2,17,6,1,9,0,0,0,0,2.05,3.3,3.8,2020-2021,LaLiga
SP1,2021-05-09,Villarreal,Celta,2,4,A,1,3,A,16,11,7,6,11,16,5,3,3,3,2,1,1.95,3.6,3.8,2020-2021,LaLiga
SP1,2021-05-09,Real Madrid,Sevilla,2,2,D,0,1,A,16,7,6,3,8,8,7,3,1,2,0,0,1.9,3.75,3.75,2020-2021,LaLiga
SP1,2021-05-10,Betis,Granada,2,1,H,1,0,H,14,11,6,5,16,11,9,2,2,4,0,0,1.75,3.8,4.75,2020-2021,LaLiga
SP1,2021-05-11,Elche,Alaves,0,2,A,0,1,A,11,9,4,2,21,15,7,5,2,4,0,0,2.9,3.0,2.6,2020-2021,LaLiga
SP1,2021-05-11,Levante,Barcelona,3,3,D,0,2,A,16,17,6,5,12,4,8,6,2,2,0,0,12.0,8.0,1.18,2020-2021,LaLiga
SP1,2021-05-11,Osasuna,Cadiz,3,2,H,1,0,H,14,10,4,4,15,12,3,5,2,2,0,0,1.95,3.4,4.0,2020-2021,LaLiga
SP1,2021-05-12,Sevilla,Valencia,1,0,H,0,0,D,10,6,4,2,17,6,3,5,2,2,0,0,1.44,4.5,7.0,2020-2021,LaLiga
SP1,2021-05-12,Celta,Getafe,1,0,H,1,0,H,4,13,1,4,16,18,1,5,1,3,0,0,2.35,3.25,3.0,2020-2021,LaLiga
SP1,2021-05-12,Huesca,Ath Bilbao,1,0,H,0,0,D,18,4,6,3,9,14,5,0,0,1,0,0,2.5,3.2,2.9,2020-2021,LaLiga
SP1,2021-05-12,Ath Madrid,Sociedad,2,1,H,2,0,H,12,14,4,7,11,15,1,7,0,0,0,0,1.6,4.0,5.5,2020-2021,LaLiga
SP1,2021-05-13,Valladolid,Villarreal,0,2,A,0,0,D,11,9,2,3,15,14,3,6,3,1,0,0,3.8,3.5,1.95,2020-2021,LaLiga
SP1,2021-05-13,Eibar,Betis,1,1,D,0,1,A,14,9,4,4,12,8,5,4,3,1,0,0,2.8,3.25,2.55,2020-2021,LaLiga
SP1,2021-05-13,Granada,Real Madrid,1,4,A,0,2,A,10,16,5,7,15,9,2,3,3,3,0,0,8.0,4.5,1.4,2020-2021,LaLiga
SP1,2021-05-16,Villarreal,Sevilla,4,0,H,1,0,H,12,17,5,5,9,7,3,6,0,3,0,1,2.37,3.4,2.87,2020-2021,LaLiga
SP1,2021-05-16,Valencia,Eibar,4,1,H,3,1,H,9,20,5,8,5,7,2,10,0,0,0,0,2.87,3.4,2.37,2020-2021,LaLiga
SP1,2021-05-16,Sociedad,Valladolid,4,1,H,4,0,H,13,19,8,5,16,11,2,4,2,4,0,1,1.61,3.75,6.0,2020-2021,LaLiga
SP1,2021-05-16,Getafe,Levante,2,1,H,1,1,D,9,5,3,1,15,11,3,4,5,0,1,0,1.61,3.8,5.75,2020-2021,LaLiga
SP1,2021-05-16,Cadiz,Elche,1,3,A,1,0,H,7,20,3,5,13,15,1,8,3,4,0,0,3.2,3.1,2.35,2020-2021,LaLiga
SP1,2021-05-16,Barcelona,Celta,1,2,A,1,1,D,20,4,4,4,9,14,7,1,3,2,1,0,1.2,7.5,11.0,2020-2021,LaLiga
SP1,2021-05-16,Ath Madrid,Osasuna,2,1,H,0,0,D,26,5,9,2,2,13,8,0,1,2,0,0,1.22,5.75,15.0,2020-2021,LaLiga
SP1,2021-05-16,Ath Bilbao,Real Madrid,0,1,A,0,0,D,8,11,1,2,10,7,4,11,3,2,1,0,5.0,4.2,1.6,2020-2021,LaLiga
SP1,2021-05-16,Alaves,Granada,4,2,H,2,1,H,14,5,9,2,7,11,6,1,2,4,0,0,1.83,3.75,4.0,2020-2021,LaLiga
SP1,2021-05-16,Betis,Huesca,1,0,H,0,0,D,10,7,2,0,15,19,2,5,1,5,0,1,1.75,3.8,4.33,2020-2021,LaLiga
SP1,2021-05-21,Levante,Cadiz,2,2,D,1,2,A,17,6,4,2,17,8,7,0,0,2,0,0,1.75,4.1,4.1,2020-2021,LaLiga
SP1,2021-05-22,Celta,Betis,2,3,A,1,0,H,11,11,4,5,20,20,8,4,6,7,0,1,3.2,3.8,2.1,2020-2021,LaLiga
SP1,2021-05-22,Eibar,Barcelona,0,1,A,0,0,D,17,7,3,3,11,15,6,3,0,3,0,0,4.33,4.75,1.65,2020-2021,LaLiga
SP1,2021-05-22,Elche,Ath Bilbao,2,0,H,1,0,H,8,8,3,2,10,6,3,1,3,0,0,0,1.95,3.6,3.8,2020-2021,LaLiga
SP1,2021-05-22,Huesca,Valencia,0,0,D,0,0,D,23,11,8,4,17,15,9,3,2,1,0,0,1.65,4.2,5.0,2020-2021,LaLiga
SP1,2021-05-22,Osasuna,Sociedad,0,1,A,0,0,D,7,11,1,1,15,7,3,3,1,0,0,0,5.0,4.33,1.61,2020-2021,LaLiga
SP1,2021-05-22,Real Madrid,Villarreal,2,1,H,0,1,A,14,6,4,2,8,13,6,1,0,0,0,0,1.4,5.0,6.5,2020-2021,LaLiga
SP1,2021-05-22,Valladolid,Ath Madrid,1,2,A,1,0,H,10,14,4,3,11,11,4,6,4,6,0,0,9.0,5.25,1.33,2020-2021,LaLiga
SP1,2021-05-23,Granada,Getafe,0,0,D,0,0,D,9,11,3,2,16,13,6,3,4,2,0,0,2.62,3.4,2.6,2020-2021,LaLiga
SP1,2021-05-23,Sevilla,Alaves,1,0,H,0,0,D,11,11,2,2,11,8,6,4,1,0,0,0,1.5,4.33,6.5,2020-2021,LaLiga
SP1,2021-08-13,Valencia,Getafe,1,0,H,1,0,H,4,22,2,4,24,15,1,9,6,3,1,1,2.55,3.0,3.1,2021-2022,LaLiga
SP1,2021-08-14,Cadiz,Levante,1,1,D,0,1,A,7,12,2,3,10,16,2,4,1,5,0,0,2.8,3.25,2.6,2021-2022,LaLiga
SP1,2021-08-14,Mallorca,Betis,1,1,D,1,0,H,6,10,2,1,12,18,4,3,1,3,0,0,3.3,3.4,2.2,2021-2022,LaLiga
SP1,2021-08-14,Alaves,Real Madrid,1,4,A,0,0,D,11,19,4,7,14,10,0,4,1,2,0,0,7.0,4.75,1.44,2021-2022,LaLiga
SP1,2021-08-14,Osasuna,Espanol,0,0,D,0,0,D,14,10,1,3,18,12,4,6,3,3,0,0,2.25,3.2,3.4,2021-2022,LaLiga
SP1,2021-08-15,Celta,Ath Madrid,1,2,A,0,1,A,10,13,2,4,11,9,2,5,4,5,1,1,4.2,3.4,1.9,2021-2022,LaLiga
SP1,2021-08-15,Barcelona,Sociedad,4,2,H,2,0,H,13,11,8,3,11,18,5,3,2,4,0,0,1.72,4.0,4.5,2021-2022,LaLiga
SP1,2021-08-15,Sevilla,Vallecano,3,0,H,1,0,H,21,4,8,3,14,7,4,0,1,0,0,1,1.44,4.2,8.0,2021-2022,LaLiga
SP1,2021-08-16,Villarreal,Granada,0,0,D,0,0,D,14,6,4,1,19,21,6,2,5,1,1,0,1.53,4.2,6.5,2021-2022,LaLiga
SP1,2021-08-16,Elche,Ath Bilbao,0,0,D,0,0,D,8,9,2,3,13,19,6,8,2,2,0,0,3.8,3.3,2.05,2021-2022,LaLiga
SP1,2021-08-20,Betis,Cadiz,1,1,D,1,1,D,16,8,7,3,12,10,4,5,4,0,0,0,1.5,4.2,7.0,2021-2022,LaLiga
SP1,2021-08-21,Alaves,Mallorca,0,1,A,0,0,D,9,12,4,2,14,15,1,8,3,3,1,0,2.25,3.2,3.4,2021-2022,LaLiga
SP1,2021-08-21,Espanol,Villarreal,0,0,D,0,0,D,14,12,3,2,10,10,9,7,3,4,0,0,3.1,3.4,2.3,2021-2022,LaLiga
SP1,2021-08-21,Granada,Valencia,1,1,D,1,0,H,9,18,2,7,14,12,2,6,4,2,0,0,2.45,3.4,2.87,2021-2022,LaLiga
SP1,2021-08-21,Ath Bilbao,Barcelona,1,1,D,0,0,D,16,9,7,3,15,10,13,2,1,2,0,1,4.0,3.75,1.85,2021-2022,LaLiga
SP1,2021-08-22,Levante,Real Madrid,3,3,D,0,1,A,8,19,4,5,17,7,4,6,3,2,1,0,5.0,4.33,1.6,2021-2022,LaLiga
SP1,2021-08-22,Sociedad,Vallecano,1,0,H,0,0,D,13,9,8,1,19,15,5,4,3,4,0,0,1.44,4.33,7.5,2021-2022,LaLiga
SP1,2021-08-22,Ath Madrid,Elche,1,0,H,1,0,H,8,4,4,2,16,10,2,1,2,2,0,0,1.22,5.75,17.0,2021-2022,LaLiga
SP1,2021-08-23,Getafe,Sevilla,0,1,A,0,0,D,12,9,0,3,18,10,5,4,2,2,0,0,3.5,3.2,2.2,2021-2022,LaLiga
SP1,2021-08-23,Osasuna,Celta,0,0,D,0,0,D,15,4,7,0,19,8,1,2,4,3,0,0,2.62,3.25,2.75,2021-2022,LaLiga
SP1,2021-08-27,Mallorca,Espanol,1,0,H,1,0,H,12,8,6,3,16,17,3,2,4,3,0,1,2.6,2.9,3.1,2021-2022,LaLiga
SP1,2021-08-27,Valencia,Alaves,3,0,H,2,0,H,9,10,4,3,20,15,4,4,1,4,0,0,1.75,3.6,4.75,2021-2022,LaLiga
SP1,2021-08-28,Celta,Ath Bilbao,0,1,A,0,1,A,13,6,0,2,12,11,5,4,2,1,0,0,2.4,3.2,3.1,2021-2022,LaLiga
SP1,2021-08-28,Elche,Sevilla,1,1,D,1,1,D,7,18,4,5,6,9,5,3,2,0,0,0,5.0,3.6,1.72,2021-2022,LaLiga
SP1,2021-08-28,Sociedad,Levante,1,0,H,1,0,H,7,6,2,0,17,13,2,2,1,1,0,0,1.53,4.2,6.0,2021-2022,LaLiga
SP1,2021-08-28,Betis,Real Madrid,0,1,A,0,0,D,11,13,6,3,15,13,3,7,5,3,0,0,4.2,3.8,1.8,2021-2022,LaLiga
SP1,2021-08-29,Vallecano,Granada,4,0,H,3,0,H,19,9,6,3,19,14,5,6,1,4,0,0,2.55,3.2,2.87,2021-2022,LaLiga
SP1,2021-08-29,Barcelona,Getafe,2,1,H,2,1,H,7,8,3,3,16,22,3,2,3,1,0,0,1.4,4.75,7.5,2021-2022,LaLiga
SP1,2021-08-29,Cadiz,Osasuna,2,3,A,1,0,H,7,14,3,4,9,6,4,11,4,0,0,0,3.2,3.0,2.45,2021-2022,LaLiga
SP1,2021-08-29,Ath Madrid,Villarreal,2,2,D,0,0,D,24,2,5,2,11,6,16,0,4,2,0,0,1.75,3.4,5.25,2021-2022,LaLiga
SP1,2021-09-11,Ath Bilbao,Mallorca,2,0,H,0,0,D,19,7,5,1,7,13,7,2,1,2,0,0,1.72,3.6,5.25,2021-2022,LaLiga
SP1,2021-09-11,Levante,Vallecano,1,1,D,1,0,H,7,22,2,6,14,16,2,5,3,4,0,0,2.1,3.4,3.5,2021-2022,LaLiga
SP1,2021-09-12,Espanol,Ath Madrid,1,2,A,1,0,H,9,13,3,3,10,11,6,3,1,4,0,0,4.33,3.3,1.9,2021-2022,LaLiga
SP1,2021-09-12,Osasuna,Valencia,1,4,A,1,1,D,11,10,2,4,20,14,4,4,4,2,0,0,2.4,3.2,3.1,2021-2022,LaLiga
SP1,2021-09-12,Cadiz,Sociedad,0,2,A,0,0,D,6,16,1,4,10,9,2,8,4,0,1,0,5.0,3.6,1.75,2021-2022,LaLiga
SP1,2021-09-12,Real Madrid,Celta,5,2,H,1,2,A,15,11,11,4,8,16,7,3,2,3,0,0,1.36,5.25,8.0,2021-2022,LaLiga
SP1,2021-09-13,Getafe,Elche,0,1,A,0,0,D,10,8,1,3,6,14,8,2,2,3,0,0,1.8,3.4,4.75,2021-2022,LaLiga
SP1,2021-09-13,Granada,Betis,1,2,A,0,1,A,11,19,2,9,7,14,6,8,1,2,0,0,3.1,3.25,2.37,2021-2022,LaLiga
SP1,2021-09-17,Celta,Cadiz,1,2,A,0,2,A,14,7,4,3,8,8,7,1,3,3,0,0,1.45,4.33,7.0,2021-2022,LaLiga
SP1,2021-09-18,Vallecano,Getafe,3,0,H,1,0,H,11,13,5,3,20,16,5,3,6,7,0,0,2.37,2.9,3.4,2021-2022,LaLiga
SP1,2021-09-18,Ath Madrid,Ath Bilbao,0,0,D,0,0,D,14,6,2,0,10,13,5,5,6,2,1,0,1.65,3.6,6.0,2021-2022,LaLiga
SP1,2021-09-18,Elche,Levante,1,1,D,1,0,H,9,11,2,6,10,14,4,7,2,2,0,0,2.4,3.1,3.2,2021-2022,LaLiga
SP1,2021-09-18,Alaves,Osasuna,0,2,A,0,2,A,8,13,3,5,11,14,2,8,4,3,0,0,3.1,3.0,2.55,2021-2022,LaLiga
SP1,2021-09-19,Valencia,Real Madrid,1,2,A,0,0,D,12,18,4,10,14,14,2,5,1,5,0,0,3.8,3.8,1.9,2021-2022,LaLiga
SP1,2021-09-19,Betis,Espanol,2,2,D,2,1,H,23,11,9,4,13,9,10,4,4,4,1,0,2.0,3.2,4.2,2021-2022,LaLiga
SP1,2021-09-19,Mallorca,Villarreal,0,0,D,0,0,D,10,11,1,3,11,16,3,1,2,3,0,0,3.5,3.0,2.3,2021-2022,LaLiga
SP1,2021-09-19,Sociedad,Sevilla,0,0,D,0,0,D,11,11,4,4,16,11,5,6,2,3,0,0,2.55,3.2,2.87,2021-2022,LaLiga
SP1,2021-09-20,Barcelona,Granada,1,1,D,0,1,A,17,5,6,2,15,20,12,4,3,6,0,0,1.28,5.75,10.0,2021-2022,LaLiga
SP1,2021-09-21,Getafe,Ath Madrid,1,2,A,1,0,H,7,12,2,4,15,11,2,5,4,5,1,0,6.0,3.5,1.66,2021-2022,LaLiga
SP1,2021-09-21,Ath Bilbao,Vallecano,1,2,A,1,1,D,8,8,1,3,16,20,2,1,3,3,0,0,1.85,3.5,4.33,2021-2022,LaLiga
SP1,2021-09-21,Levante,Celta,0,2,A,0,0,D,6,4,2,2,16,12,2,4,3,2,0,0,2.6,3.4,2.7,2021-2022,LaLiga
SP1,2021-09-22,Espanol,Alaves,1,0,H,0,0,D,10,8,2,2,14,18,4,8,2,1,0,0,1.8,3.5,4.75,2021-2022,LaLiga
SP1,2021-09-22,Sevilla,Valencia,3,1,H,3,1,H,11,8,5,3,25,21,1,4,5,3,0,0,1.61,3.8,6.0,2021-2022,LaLiga
SP1,2021-09-22,Real Madrid,Mallorca,6,1,H,3,1,H,18,17,12,5,18,8,3,2,2,1,0,0,1.22,6.5,12.0,2021-2022,LaLiga
SP1,2021-09-22,Villarreal,Elche,4,1,H,2,1,H,14,9,9,3,16,11,8,7,1,2,0,0,1.5,4.2,6.5,2021-2022,LaLiga
SP1,2021-09-23,Granada,Sociedad,2,3,A,1,0,H,10,20,2,11,11,16,4,7,5,1,0,0,4.2,3.4,1.9,2021-2022,LaLiga
SP1,2021-09-23,Osasuna,Betis,1,3,A,1,1,D,11,16,3,9,18,10,4,7,2,0,0,0,2.37,3.25,3.0,2021-2022,LaLiga
SP1,2021-09-23,Cadiz,Barcelona,0,0,D,0,0,D,13,6,3,2,16,8,4,5,3,4,0,1,6.0,4.33,1.5,2021-2022,LaLiga
SP1,2021-09-25,Real Madrid,Villarreal,0,0,D,0,0,D,15,6,2,2,10,12,6,3,1,2,0,0,1.5,4.75,5.75,2021-2022,LaLiga
SP1,2021-09-25,Valencia,Ath Bilbao,1,1,D,0,0,D,13,12,6,4,14,17,4,5,5,2,1,0,2.6,3.2,2.8,2021-2022,LaLiga
SP1,2021-09-25,Alaves,Ath Madrid,1,0,H,1,0,H,7,13,1,1,18,11,3,8,2,3,0,0,7.5,4.0,1.5,2021-2022,LaLiga
SP1,2021-09-25,Sevilla,Espanol,2,0,H,1,0,H,12,13,5,2,10,8,4,8,4,0,1,0,1.57,3.8,6.5,2021-2022,LaLiga
SP1,2021-09-26,Mallorca,Osasuna,2,3,A,2,1,H,17,12,8,6,8,17,5,5,2,3,0,0,2.7,3.2,2.75,2021-2022,LaLiga
SP1,2021-09-26,Barcelona,Levante,3,0,H,2,0,H,20,6,12,2,11,16,11,1,1,3,0,0,1.4,5.5,6.5,2021-2022,LaLiga
SP1,2021-09-26,Sociedad,Elche,1,0,H,0,0,D,17,5,5,2,12,16,6,1,1,3,0,0,1.4,4.5,9.0,2021-2022,LaLiga
SP1,2021-09-26,Vallecano,Cadiz,3,1,H,2,1,H,13,6,6,1,11,11,4,3,2,4,0,0,1.6,3.8,6.0,2021-2022,LaLiga
SP1,2021-09-26,Betis,Getafe,2,0,H,1,0,H,20,8,5,3,12,19,3,3,1,3,0,0,1.75,3.6,4.75,2021-2022,LaLiga
SP1,2021-09-27,Celta,Granada,1,0,H,0,0,D,14,7,5,4,9,12,5,3,2,7,0,0,1.61,4.0,5.5,2021-2022,LaLiga
SP1,2021-10-01,Ath Bilbao,Alaves,1,0,H,1,0,H,16,17,5,5,16,12,13,9,3,2,0,0,1.53,3.75,7.5,2021-2022,LaLiga
SP1,2021-10-02,Ath Madrid,Barcelona,2,0,H,2,0,H,6,9,3,2,13,10,2,6,2,1,0,0,1.9,3.5,4.0,2021-2022,LaLiga
SP1,2021-10-02,Osasuna,Vallecano,1,0,H,0,0,D,7,7,3,0,19,9,6,3,3,3,0,0,2.15,3.4,3.4,2021-2022,LaLiga
SP1,2021-10-02,Mallorca,Levante,1,0,H,0,0,D,9,6,7,2,18,25,8,3,4,4,0,0,2.1,3.2,3.4,2021-2022,LaLiga
SP1,2021-10-02,Cadiz,Valencia,0,0,D,0,0,D,2,16,1,4,16,11,1,3,3,4,0,0,3.4,3.0,2.3,2021-2022,LaLiga
SP1,2021-10-03,Granada,Sevilla,1,0,H,1,0,H,3,14,1,3,13,11,2,6,3,4,0,1,4.8,3.4,1.72,2021-2022,LaLiga
SP1,2021-10-03,Villarreal,Betis,2,0,H,1,0,H,11,10,5,3,14,9,4,6,2,4,0,0,2.0,3.6,3.6,2021-2022,LaLiga
SP1,2021-10-03,Elche,Celta,1,0,H,0,0,D,12,10,5,1,14,19,7,4,4,3,0,0,3.3,3.2,2.3,2021-2022,LaLiga
SP1,2021-10-03,Espanol,Real Madrid,2,1,H,1,0,H,8,18,4,4,12,13,2,8,2,1,0,0,5.0,4.0,1.66,2021-2022,LaLiga
SP1,2021-10-03,Getafe,Sociedad,1,1,D,1,0,H,9,10,2,5,16,11,2,5,4,2,0,0,3.6,3.1,2.2,2021-2022,LaLiga
SP1,2021-10-16,Levante,Getafe,0,0,D,0,0,D,6,14,2,4,14,10,3,11,3,3,0,0,2.5,2.9,3.25,2021-2022,LaLiga
SP1,2021-10-16,Sociedad,Mallorca,1,0,H,0,0,D,10,7,2,1,11,21,2,6,3,3,1,0,1.4,4.5,8.5,2021-2022,LaLiga
SP1,2021-10-17,Villarreal,Osasuna,1,2,A,0,1,A,11,6,6,2,6,14,4,4,1,5,0,0,1.66,3.75,5.25,2021-2022,LaLiga
SP1,2021-10-17,Vallecano,Elche,2,1,H,1,1,D,10,7,4,3,16,11,6,2,2,2,0,0,1.8,3.5,4.75,2021-2022,LaLiga
SP1,2021-10-17,Celta,Sevilla,0,1,A,0,0,D,14,8,3,2,13,9,5,4,2,3,0,0,3.4,3.25,2.2,2021-2022,LaLiga
SP1,2021-10-17,Barcelona,Valencia,3,1,H,2,1,H,12,9,5,3,16,13,9,3,2,3,0,0,1.5,4.33,6.5,2021-2022,LaLiga
SP1,2021-10-18,Alaves,Betis,0,1,A,0,0,D,14,19,2,4,8,11,7,7,1,1,0,0,3.5,3.3,2.15,2021-2022,LaLiga
SP1,2021-10-18,Espanol,Cadiz,2,0,H,1,0,H,14,13,6,2,8,10,7,9,1,0,0,0,1.66,3.6,5.75,2021-2022,LaLiga
SP1,2021-10-22,Osasuna,Granada,1,1,D,1,0,H,17,9,6,4,15,11,4,1,1,3,1,0,1.72,3.5,5.25,2021-2022,LaLiga
SP1,2021-10-23,Elche,Espanol,2,2,D,1,0,H,12,20,7,7,15,9,3,7,3,1,0,0,2.7,3.0,2.87,2021-2022,LaLiga
SP1,2021-10-23,Ath Bilbao,Villarreal,2,1,H,1,1,D,14,11,7,3,7,12,9,2,0,3,0,0,2.45,3.0,3.2,2021-2022,LaLiga
SP1,2021-10-23,Valencia,Mallorca,2,2,D,0,2,A,20,9,6,4,15,19,5,0,4,5,0,2,1.66,3.8,5.25,2021-2022,LaLiga
SP1,2021-10-23,Cadiz,Alaves,0,2,A,0,1,A,23,8,4,4,11,14,14,3,0,2,0,0,2.5,2.9,3.2,2021-2022,LaLiga
SP1,2021-10-24,Betis,Vallecano,3,2,H,2,1,H,11,14,5,3,12,12,4,4,1,2,0,0,1.83,3.75,4.2,2021-2022,LaLiga
SP1,2021-10-24,Ath Madrid,Sociedad,2,2,D,0,1,A,17,8,4,4,14,14,4,3,1,3,0,0,1.61,3.7,6.0,2021-2022,LaLiga
SP1,2021-10-24,Sevilla,Levante,5,3,H,3,1,H,18,12,11,7,13,6,10,3,1,2,0,0,1.44,4.2,8.0,2021-2022,LaLiga
SP1,2021-10-24,Barcelona,Real Madrid,1,2,A,0,1,A,12,10,2,5,17,13,7,4,1,1,0,0,2.75,3.6,2.45,2021-2022,LaLiga
SP1,2021-10-25,Getafe,Celta,0,3,A,0,0,D,11,16,2,8,15,11,2,7,2,2,2,0,2.5,3.0,3.1,2021-2022,LaLiga
SP1,2021-10-26,Alaves,Elche,1,0,H,0,0,D,16,4,5,1,13,9,4,7,1,1,0,0,2.3,3.0,3.5,2021-2022,LaLiga
SP1,2021-10-26,Espanol,Ath Bilbao,1,1,D,1,0,H,14,23,3,7,7,12,8,12,1,2,1,0,2.9,3.0,2.62,2021-2022,LaLiga
SP1,2021-10-26,Villarreal,Cadiz,3,3,D,1,2,A,14,9,5,4,13,9,8,2,3,6,0,0,1.3,5.5,9.5,2021-2022,LaLiga
SP1,2021-10-27,Mallorca,Sevilla,1,1,D,1,0,H,11,10,4,3,16,14,4,2,3,6,1,0,5.5,3.3,1.75,2021-2022,LaLiga
SP1,2021-10-27,Vallecano,Barcelona,1,0,H,1,0,H,13,16,3,1,17,12,3,7,2,2,0,0,4.33,3.75,1.8,2021-2022,LaLiga
SP1,2021-10-27,Betis,Valencia,4,1,H,2,1,H,14,10,9,4,14,19,4,7,2,5,0,0,1.85,3.5,4.5,2021-2022,LaLiga
SP1,2021-10-27,Real Madrid,Osasuna,0,0,D,0,0,D,17,7,3,0,12,10,11,3,1,1,0,0,1.3,5.5,9.0,2021-2022,LaLiga
SP1,2021-10-28,Granada,Getafe,1,1,D,0,1,A,18,6,3,4,10,15,5,0,1,4,0,0,2.6,2.8,3.25,2021-2022,LaLiga
SP1,2021-10-28,Levante,Ath Madrid,2,2,D,1,1,D,10,7,3,3,15,11,5,2,3,5,1,0,5.5,3.8,1.65,2021-2022,LaLiga
SP1,2021-10-28,Celta,Sociedad,0,2,A,0,0,D,14,11,6,4,12,11,7,6,1,0,0,0,2.87,3.4,2.45,2021-2022,LaLiga
SP1,2021-10-30,Elche,Real Madrid,1,2,A,0,1,A,13,17,4,5,11,13,5,4,2,0,1,0,7.5,4.5,1.44,2021-2022,LaLiga
SP1,2021-10-30,Sevilla,Osasuna,2,0,H,1,0,H,16,10,4,3,17,10,4,5,2,2,0,0,1.53,4.0,7.0,2021-2022,LaLiga
SP1,2021-10-30,Valencia,Villarreal,2,0,H,1,0,H,9,11,3,1,19,17,7,6,2,4,0,0,2.9,3.4,2.45,2021-2022,LaLiga
SP1,2021-10-30,Barcelona,Alaves,1,1,D,0,0,D,16,3,5,2,11,11,9,0,0,2,0,0,1.28,5.5,11.0,2021-2022,LaLiga
SP1,2021-10-31,Cadiz,Mallorca,1,1,D,0,1,A,13,11,2,5,14,16,6,5,3,7,0,2,2.5,3.0,3.2,2021-2022,LaLiga
SP1,2021-10-31,Ath Madrid,Betis,3,0,H,1,0,H,18,8,9,1,11,12,13,0,0,0,0,0,1.6,3.8,6.0,2021-2022,LaLiga
SP1,2021-10-31,Getafe,Espanol,2,1,H,1,1,D,12,10,7,3,18,11,6,11,7,4,0,0,2.45,3.0,3.2,2021-2022,LaLiga
SP1,2021-10-31,Sociedad,Ath Bilbao,1,1,D,0,0,D,8,11,3,5,21,14,2,7,4,3,0,1,2.1,3.2,3.8,2021-2022,LaLiga
SP1,2021-11-01,Vallecano,Celta,0,0,D,0,0,D,11,10,5,4,13,14,4,7,2,5,0,0,2.37,3.25,3.1,2021-2022,LaLiga
SP1,2021-11-01,Levante,Granada,0,3,A,0,2,A,12,12,3,6,14,13,3,5,4,2,0,0,1.95,3.4,4.0,2021-2022,LaLiga
SP1,2021-11-05,Ath Bilbao,Cadiz,0,1,A,0,1,A,15,8,5,4,14,19,5,1,2,1,0,0,1.36,4.75,9.0,2021-2022,LaLiga
SP1,2021-11-06,Alaves,Levante,2,1,H,0,1,A,10,12,3,7,21,17,1,3,3,3,0,0,2.5,3.0,3.2,2021-2022,LaLiga
SP1,2021-11-06,Real Madrid,Vallecano,2,1,H,2,0,H,15,19,7,7,8,14,4,5,1,2,0,0,1.33,5.5,8.0,2021-2022,LaLiga
SP1,2021-11-06,Espanol,Granada,2,0,H,2,0,H,17,18,6,5,12,8,5,3,1,1,0,0,1.85,3.4,4.5,2021-2022,LaLiga
SP1,2021-11-06,Celta,Barcelona,3,3,D,0,3,A,18,10,4,6,18,18,3,1,3,6,0,0,3.3,3.6,2.1,2021-2022,LaLiga
SP1,2021-11-07,Villarreal,Getafe,1,0,H,1,0,H,10,5,4,2,12,13,6,4,1,1,0,0,1.5,4.0,7.0,2021-2022,LaLiga
SP1,2021-11-07,Valencia,Ath Madrid,3,3,D,0,1,A,11,13,5,7,12,17,9,0,2,2,0,0,4.5,3.2,1.95,2021-2022,LaLiga
SP1,2021-11-07,Mallorca,Elche,2,2,D,0,0,D,18,7,6,2,11,19,3,3,2,3,0,0,2.05,3.0,4.33,2021-2022,LaLiga
SP1,2021-11-07,Osasuna,Sociedad,0,2,A,0,0,D,6,9,2,4,11,12,5,2,0,2,0,0,3.1,3.3,2.35,2021-2022,LaLiga
SP1,2021-11-07,Betis,Sevilla,0,2,A,0,0,D,8,11,1,2,12,13,2,1,3,1,1,0,3.0,3.3,2.45,2021-2022,LaLiga
SP1,2021-11-19,Levante,Ath Bilbao,0,0,D,0,0,D,15,7,2,2,16,7,6,3,2,1,0,0,3.5,3.3,2.15,2021-2022,LaLiga
SP1,2021-11-20,Celta,Villarreal,1,1,D,0,1,A,12,18,3,6,14,17,3,5,1,1,0,0,2.75,3.3,2.55,2021-2022,LaLiga
SP1,2021-11-20,Sevilla,Alaves,2,2,D,1,2,A,16,8,6,3,14,17,5,2,4,4,0,0,1.44,4.33,8.5,2021-2022,LaLiga
SP1,2021-11-20,Ath Madrid,Osasuna,1,0,H,0,0,D,15,9,2,3,7,8,7,4,2,2,0,0,1.44,4.33,8.0,2021-2022,LaLiga
SP1,2021-11-20,Barcelona,Espanol,1,0,H,0,0,D,16,12,6,2,17,9,4,4,4,2,0,0,1.36,5.25,7.5,2021-2022,LaLiga
SP1,2021-11-21,Sociedad,Valencia,0,0,D,0,0,D,9,8,2,3,11,16,2,4,4,7,1,0,1.72,3.8,4.75,2021-2022,LaLiga
SP1,2021-11-21,Elche,Betis,0,3,A,0,3,A,14,9,4,4,12,14,10,1,1,2,0,1,3.6,3.4,2.1,2021-2022,LaLiga
SP1,2021-11-21,Getafe,Cadiz,4,0,H,1,0,H,17,10,8,2,14,7,3,7,2,4,0,0,2.0,3.1,4.33,2021-2022,LaLiga
SP1,2021-11-21,Granada,Real Madrid,1,4,A,1,2,A,11,21,3,10,10,7,9,6,1,1,1,0,7.0,4.5,1.45,2021-2022,LaLiga
SP1,2021-11-22,Vallecano,Mallorca,3,1,H,2,0,H,15,11,6,5,14,17,6,4,3,2,0,0,1.8,3.5,4.75,2021-2022,LaLiga
SP1,2021-11-26,Ath Bilbao,Granada,2,2,D,1,2,A,17,8,5,4,12,9,8,3,1,1,1,0,1.36,4.75,9.5,2021-2022,LaLiga
SP1,2021-11-27,Alaves,Celta,1,2,A,1,1,D,13,8,5,5,12,15,5,3,3,2,0,0,2.9,3.1,2.55,2021-2022,LaLiga
SP1,2021-11-27,Valencia,Vallecano,1,1,D,1,0,H,8,12,4,6,18,15,3,9,6,5,0,0,2.0,3.4,3.9,2021-2022,LaLiga
SP1,2021-11-27,Mallorca,Getafe,0,0,D,0,0,D,12,11,2,0,8,19,2,0,3,0,0,0,2.3,2.9,3.75,2021-2022,LaLiga
SP1,2021-11-27,Villarreal,Barcelona,1,3,A,0,0,D,14,12,2,6,19,14,4,4,2,2,0,0,2.7,3.4,2.6,2021-2022,LaLiga
SP1,2021-11-28,Betis,Levante,3,1,H,0,1,A,26,8,8,2,16,9,5,8,2,3,0,0,1.66,4.2,4.75,2021-2022,LaLiga
SP1,2021-11-28,Espanol,Sociedad,1,0,H,0,0,D,8,10,2,4,15,7,2,9,1,1,0,0,3.2,3.2,2.3,2021-2022,LaLiga
SP1,2021-11-28,Cadiz,Ath Madrid,1,4,A,0,0,D,8,17,0,7,13,11,4,8,2,0,0,0,8.0,3.8,1.5,2021-2022,LaLiga
SP1,2021-11-28,Real Madrid,Sevilla,2,1,H,1,1,D,14,11,4,6,10,9,0,4,3,3,0,0,1.7,4.0,4.75,2021-2022,LaLiga
SP1,2021-11-29,Osasuna,Elche,1,1,D,1,1,D,17,10,4,4,16,12,5,4,1,3,0,0,1.8,3.4,4.75,2021-2022,LaLiga
SP1,2021-12-01,Real Madrid,Ath Bilbao,1,0,H,1,0,H,17,18,7,2,12,13,7,6,2,3,0,0,1.44,4.75,7.0,2021-2022,LaLiga
SP1,2021-12-03,Granada,Alaves,2,1,H,1,0,H,9,14,2,2,17,15,3,5,2,2,0,0,2.37,3.1,3.25,2021-2022,LaLiga
SP1,2021-12-04,Sociedad,Real Madrid,0,2,A,0,0,D,11,13,0,8,12,8,5,5,2,0,0,0,3.3,3.3,2.25,2021-2022,LaLiga
SP1,2021-12-04,Ath Madrid,Mallorca,1,2,A,0,0,D,14,10,6,3,13,16,8,5,2,5,0,0,1.3,5.25,11.0,2021-2022,LaLiga
SP1,2021-12-04,Barcelona,Betis,0,1,A,0,0,D,12,8,3,2,17,12,6,1,1,2,0,0,1.5,4.5,6.5,2021-2022,LaLiga
SP1,2021-12-04,Sevilla,Villarreal,1,0,H,1,0,H,8,16,3,2,9,10,5,8,2,2,0,0,2.0,3.3,4.0,2021-2022,LaLiga
SP1,2021-12-05,Vallecano,Espanol,1,0,H,0,0,D,7,10,0,3,18,11,6,3,3,3,0,1,2.15,3.1,3.8,2021-2022,LaLiga
SP1,2021-12-05,Elche,Cadiz,3,1,H,1,0,H,8,15,3,6,16,15,3,3,7,3,0,0,2.05,3.1,4.2,2021-2022,LaLiga
SP1,2021-12-05,Levante,Osasuna,0,0,D,0,0,D,11,11,3,1,12,16,7,2,2,3,0,0,2.4,3.2,3.1,2021-2022,LaLiga
SP1,2021-12-05,Celta,Valencia,1,2,A,1,1,D,11,8,5,5,10,22,6,4,3,2,0,0,2.1,3.25,3.75,2021-2022,LaLiga
SP1,2021-12-06,Getafe,Ath Bilbao,0,0,D,0,0,D,17,9,5,3,14,14,5,3,2,1,0,0,3.5,3.0,2.3,2021-2022,LaLiga
SP1,2021-12-10,Mallorca,Celta,0,0,D,0,0,D,12,14,1,5,14,11,7,4,3,2,0,0,2.5,3.0,3.1,2021-2022,LaLiga
SP1,2021-12-11,Espanol,Levante,4,3,H,1,2,A,17,14,8,5,9,15,4,2,4,4,0,1,2.05,3.3,3.8,2021-2022,LaLiga
SP1,2021-12-11,Alaves,Getafe,1,1,D,0,1,A,9,11,1,2,18,15,1,1,4,4,1,0,2.45,2.9,3.2,2021-2022,LaLiga
SP1,2021-12-11,Valencia,Elche,2,1,H,1,0,H,21,8,8,4,15,12,8,1,3,2,0,0,1.75,3.5,5.0,2021-2022,LaLiga
SP1,2021-12-11,Ath Bilbao,Sevilla,0,1,A,0,1,A,13,6,2,1,17,10,9,2,4,3,0,0,2.5,3.0,3.1,2021-2022,LaLiga
SP1,2021-12-12,Real Madrid,Ath Madrid,2,0,H,1,0,H,7,9,3,6,17,15,3,6,2,3,0,0,2.05,3.5,3.6,2021-2022,LaLiga
SP1,2021-12-12,Betis,Sociedad,4,0,H,1,0,H,11,15,5,5,12,10,4,7,3,1,0,0,2.25,3.3,3.3,2021-2022,LaLiga
SP1,2021-12-12,Villarreal,Vallecano,2,0,H,2,0,H,13,19,5,7,16,14,5,6,1,3,0,0,1.72,3.8,4.75,2021-2022,LaLiga
SP1,2021-12-12,Osasuna,Barcelona,2,2,D,1,1,D,8,10,3,2,16,16,6,5,5,4,0,0,4.0,3.5,1.9,2021-2022,LaLiga
SP1,2021-12-13,Cadiz,Granada,1,1,D,1,0,H,13,16,3,5,14,10,8,1,5,0,1,0,2.6,3.1,2.9,2021-2022,LaLiga
SP1,2021-12-17,Celta,Espanol,3,1,H,1,0,H,12,6,5,3,13,5,3,3,2,1,0,0,1.95,3.4,4.0,2021-2022,LaLiga
SP1,2021-12-18,Vallecano,Alaves,2,0,H,2,0,H,20,6,5,4,12,19,5,5,1,2,0,0,1.72,3.6,5.0,2021-2022,LaLiga
SP1,2021-12-18,Sociedad,Villarreal,1,3,A,1,1,D,8,15,4,8,9,15,5,5,2,3,1,0,2.15,3.3,3.5,2021-2022,LaLiga
SP1,2021-12-18,Barcelona,Elche,3,2,H,2,0,H,19,5,8,3,13,17,5,0,1,3,0,0,1.3,5.5,10.0,2021-2022,LaLiga
SP1,2021-12-18,Sevilla,Ath Madrid,2,1,H,1,1,D,6,15,2,3,15,14,4,7,2,1,0,0,2.75,3.0,2.8,2021-2022,LaLiga
SP1,2021-12-19,Granada,Mallorca,4,1,H,1,1,D,15,8,6,5,12,15,4,2,3,2,0,0,2.5,3.0,3.1,2021-2022,LaLiga
SP1,2021-12-19,Ath Bilbao,Betis,3,2,H,1,1,D,9,16,6,8,7,12,5,6,1,3,0,0,2.15,3.25,3.5,2021-2022,LaLiga
SP1,2021-12-19,Getafe,Osasuna,1,0,H,0,0,D,18,11,4,2,14,8,4,3,3,1,0,0,2.4,2.9,3.4,2021-2022,LaLiga
SP1,2021-12-19,Real Madrid,Cadiz,0,0,D,0,0,D,36,4,9,0,9,10,13,2,1,1,0,0,1.2,7.5,11.0,2021-2022,LaLiga
SP1,2021-12-20,Levante,Valencia,3,4,A,2,1,H,15,15,9,8,21,11,6,4,3,4,0,0,2.7,3.2,2.75,2021-2022,LaLiga
SP1,2021-12-21,Villarreal,Alaves,5,2,H,2,1,H,24,4,10,2,16,14,6,2,0,2,0,0,1.33,5.0,9.5,2021-2022,LaLiga
SP1,2021-12-21,Sevilla,Barcelona,1,1,D,1,1,D,5,23,1,7,15,13,4,9,2,3,1,0,2.5,3.2,2.9,2021-2022,LaLiga
SP1,2021-12-22,Ath Bilbao,Real Madrid,1,2,A,1,2,A,15,12,2,7,17,7,7,0,2,2,0,0,3.4,3.5,2.1,2021-2022,LaLiga
SP1,2021-12-22,Granada,Ath Madrid,2,1,H,1,1,D,6,15,4,3,17,7,2,7,4,1,0,0,6.0,3.7,1.61,2021-2022,LaLiga
SP1,2021-12-31,Valencia,Espanol,1,2,A,0,0,D,12,15,2,4,19,14,7,5,7,3,1,0,1.8,3.8,4.2,2021-2022,LaLiga
SP1,2022-01-02,Getafe,Real Madrid,1,0,H,1,0,H,6,14,3,4,20,8,2,9,3,2,0,0,5.5,3.75,1.65,2021-2022,LaLiga
SP1,2022-01-02,Ath Madrid,Vallecano,2,0,H,1,0,H,15,5,5,0,14,12,8,2,3,0,0,0,1.36,4.5,9.5,2021-2022,LaLiga
SP1,2022-01-02,Elche,Granada,0,0,D,0,0,D,18,10,2,5,18,15,6,3,3,3,1,0,2.5,3.1,3.0,2021-2022,LaLiga
SP1,2022-01-02,Alaves,Sociedad,1,1,D,0,1,A,19,10,5,4,22,10,2,3,3,3,0,0,3.5,3.1,2.25,2021-2022,LaLiga
SP1,2022-01-02,Betis,Celta,0,2,A,0,2,A,18,7,7,5,15,11,3,3,1,2,0,0,1.72,3.75,4.75,2021-2022,LaLiga
SP1,2022-01-02,Mallorca,Barcelona,0,1,A,0,1,A,13,13,3,4,22,24,4,3,5,2,0,0,3.4,3.4,2.15,2021-2022,LaLiga
SP1,2022-01-03,Villarreal,Levante,5,0,H,3,0,H,17,7,7,3,12,9,6,5,3,2,0,0,1.4,5.0,7.0,2021-2022,LaLiga
SP1,2022-01-03,Osasuna,Ath Bilbao,1,3,A,1,2,A,15,17,4,5,12,7,4,5,5,2,1,0,3.1,3.0,2.5,2021-2022,LaLiga
SP1,2022-01-03,Cadiz,Sevilla,0,1,A,0,0,D,9,14,2,4,5,9,2,8,0,1,0,0,4.75,3.3,1.85,2021-2022,LaLiga
SP1,2022-01-08,Real Madrid,Valencia,4,1,H,1,0,H,23,12,8,7,15,24,3,8,3,3,0,0,1.37,5.0,8.0,2021-2022,LaLiga
SP1,2022-01-08,Granada,Barcelona,1,1,D,0,0,D,14,13,4,1,9,21,3,2,2,5,0,1,4.5,3.8,1.75,2021-2022,LaLiga
SP1,2022-01-08,Levante,Mallorca,2,0,H,0,0,D,16,15,8,8,20,11,5,5,3,1,1,0,2.2,3.25,3.4,2021-2022,LaLiga
SP1,2022-01-08,Sociedad,Celta,1,0,H,1,0,H,12,4,3,0,10,18,6,4,3,3,0,0,1.83,3.3,4.75,2021-2022,LaLiga
SP1,2022-01-09,Vallecano,Betis,1,1,D,0,1,A,17,9,7,5,18,13,6,4,1,3,0,1,2.5,3.4,2.8,2021-2022,LaLiga
SP1,2022-01-09,Sevilla,Getafe,1,0,H,1,0,H,10,4,1,2,8,20,5,2,1,3,0,0,1.61,3.4,7.5,2021-2022,LaLiga
SP1,2022-01-09,Alaves,Ath Bilbao,0,0,D,0,0,D,12,10,1,2,15,11,7,5,2,0,0,0,4.0,3.3,1.95,2021-2022,LaLiga
SP1,2022-01-09,Osasuna,Cadiz,2,0,H,1,0,H,15,6,5,1,13,13,5,7,2,2,0,0,1.75,3.3,5.75,2021-2022,LaLiga
SP1,2022-01-09,Villarreal,Ath Madrid,2,2,D,1,1,D,13,7,3,5,13,8,7,3,0,2,0,1,2.8,3.2,2.62,2021-2022,LaLiga
SP1,2022-01-10,Espanol,Elche,1,2,A,1,2,A,8,3,3,2,13,18,13,0,4,6,0,0,1.9,3.25,4.5,2021-2022,LaLiga
SP1,2022-01-16,Elche,Villarreal,1,0,H,0,0,D,5,9,2,4,12,15,3,8,4,3,0,0,4.5,3.6,1.8,2021-2022,LaLiga
SP1,2022-01-18,Betis,Alaves,4,0,H,3,0,H,18,9,5,2,14,14,8,3,2,0,0,0,1.45,4.33,7.0,2021-2022,LaLiga
SP1,2022-01-18,Cadiz,Espanol,2,2,D,0,1,A,10,14,4,7,14,9,3,2,5,1,0,0,3.25,3.1,2.37,2021-2022,LaLiga
SP1,2022-01-19,Valencia,Sevilla,1,1,D,1,1,D,10,12,2,3,22,14,4,4,3,3,1,0,3.3,3.25,2.25,2021-2022,LaLiga
SP1,2022-01-19,Celta,Osasuna,2,0,H,2,0,H,5,9,3,0,14,11,0,5,1,2,0,0,1.85,3.5,4.33,2021-2022,LaLiga
SP1,2022-01-20,Getafe,Granada,4,2,H,1,1,D,12,7,4,4,15,10,4,8,3,4,0,0,2.1,3.2,3.8,2021-2022,LaLiga
SP1,2022-01-21,Espanol,Betis,1,4,A,1,2,A,12,15,4,8,15,12,6,5,3,4,1,0,3.25,3.25,2.25,2021-2022,LaLiga
SP1,2022-01-22,Sevilla,Celta,2,2,D,0,2,A,16,6,5,4,11,16,7,0,1,4,0,0,1.75,3.5,5.25,2021-2022,LaLiga
SP1,2022-01-22,Ath Madrid,Valencia,3,2,H,0,2,A,16,7,6,3,13,22,5,4,5,6,0,0,1.44,4.2,8.5,2021-2022,LaLiga
SP1,2022-01-22,Levante,Cadiz,0,2,A,0,1,A,15,8,8,2,15,16,8,2,4,6,0,0,1.8,3.5,5.0,2021-2022,LaLiga
SP1,2022-01-22,Villarreal,Mallorca,3,0,H,2,0,H,12,8,6,2,13,12,10,6,1,2,0,1,1.44,4.33,8.0,2021-2022,LaLiga
SP1,2022-01-23,Granada,Osasuna,0,2,A,0,0,D,6,16,2,7,12,15,4,3,0,2,0,0,2.5,3.2,3.0,2021-2022,LaLiga
SP1,2022-01-23,Real Madrid,Elche,2,2,D,0,1,A,23,3,8,2,11,14,10,3,3,1,0,0,1.16,8.0,15.0,2021-2022,LaLiga
SP1,2022-01-23,Sociedad,Getafe,0,0,D,0,0,D,9,9,3,2,17,13,7,2,1,1,0,0,1.66,3.5,6.0,2021-2022,LaLiga
SP1,2022-01-23,Vallecano,Ath Bilbao,0,1,A,0,1,A,29,9,3,3,8,20,9,7,1,6,0,0,2.75,3.0,2.8,2021-2022,LaLiga
SP1,2022-01-23,Alaves,Barcelona,0,1,A,0,0,D,6,10,2,4,16,8,1,10,0,0,0,0,6.0,4.0,1.57,2021-2022,LaLiga
SP1,2022-02-04,Getafe,Levante,3,0,H,2,0,H,14,11,8,2,12,13,2,8,4,3,0,0,1.95,3.1,4.5,2021-2022,LaLiga
SP1,2022-02-05,Elche,Alaves,3,1,H,0,1,A,14,6,4,2,15,11,7,3,1,1,0,0,2.37,3.1,3.3,2021-2022,LaLiga
SP1,2022-02-05,Mallorca,Cadiz,2,1,H,1,1,D,17,12,5,5,14,15,6,4,2,4,0,0,1.83,3.4,4.6,2021-2022,LaLiga
SP1,2022-02-05,Celta,Vallecano,2,0,H,1,0,H,13,11,3,0,17,17,7,2,0,2,0,0,1.9,3.4,4.33,2021-2022,LaLiga
SP1,2022-02-05,Osasuna,Sevilla,0,0,D,0,0,D,9,9,3,4,13,7,1,1,1,1,0,0,3.6,3.2,2.15,2021-2022,LaLiga
SP1,2022-02-06,Betis,Villarreal,0,2,A,0,1,A,9,9,3,3,19,14,6,6,2,3,0,0,2.37,3.5,2.9,2021-2022,LaLiga
SP1,2022-02-06,Real Madrid,Granada,1,0,H,0,0,D,24,7,11,3,9,11,9,2,2,1,0,0,1.25,6.0,11.0,2021-2022,LaLiga
SP1,2022-02-06,Valencia,Sociedad,0,0,D,0,0,D,14,8,3,2,17,14,9,9,4,2,0,0,2.87,3.2,2.6,2021-2022,LaLiga
SP1,2022-02-06,Barcelona,Ath Madrid,4,2,H,3,1,H,9,10,4,4,15,13,3,5,2,2,1,0,2.25,3.4,3.2,2021-2022,LaLiga
SP1,2022-02-07,Ath Bilbao,Espanol,2,1,H,2,1,H,7,7,4,3,17,11,5,3,3,3,0,0,1.6,3.8,6.0,2021-2022,LaLiga
SP1,2022-02-11,Sevilla,Elche,2,0,H,0,0,D,14,7,6,1,13,14,5,4,1,5,0,0,1.45,4.33,7.5,2021-2022,LaLiga
SP1,2022-02-12,Cadiz,Celta,0,0,D,0,0,D,8,6,2,1,12,19,3,3,3,2,0,0,3.8,3.4,2.05,2021-2022,LaLiga
SP1,2022-02-12,Villarreal,Real Madrid,0,0,D,0,0,D,9,17,2,6,11,10,3,3,2,4,0,0,2.5,3.5,2.7,2021-2022,LaLiga
SP1,2022-02-12,Vallecano,Osasuna,0,3,A,0,2,A,10,12,3,5,11,16,4,5,2,1,0,0,2.15,3.25,3.5,2021-2022,LaLiga
SP1,2022-02-12,Ath Madrid,Getafe,4,3,H,3,3,D,11,10,7,4,18,17,5,4,3,4,1,0,1.45,4.2,8.0,2021-2022,LaLiga
SP1,2022-02-13,Espanol,Barcelona,2,2,D,1,1,D,10,12,4,4,14,13,3,5,5,4,1,1,5.0,3.6,1.75,2021-2022,LaLiga
SP1,2022-02-13,Sociedad,Granada,2,0,H,1,0,H,18,15,8,2,13,13,6,5,0,2,0,0,1.4,4.5,9.0,2021-2022,LaLiga
SP1,2022-02-13,Alaves,Valencia,2,1,H,1,0,H,9,9,5,4,15,17,5,9,4,3,0,0,2.8,3.2,2.6,2021-2022,LaLiga
SP1,2022-02-13,Levante,Betis,2,4,A,1,3,A,12,19,4,11,13,8,5,7,1,2,1,0,3.4,3.6,2.1,2021-2022,LaLiga
SP1,2022-02-14,Mallorca,Ath Bilbao,3,2,H,2,0,H,16,7,5,2,22,15,6,6,6,4,0,0,3.4,3.1,2.3,2021-2022,LaLiga
SP1,2022-02-16,Ath Madrid,Levante,0,1,A,0,0,D,10,8,1,5,9,19,5,3,3,4,0,0,1.33,5.25,9.0,2021-2022,LaLiga
SP1,2022-02-18,Elche,Vallecano,2,1,H,0,0,D,9,13,5,2,18,15,2,3,2,4,0,0,3.0,3.0,2.62,2021-2022,LaLiga
SP1,2022-02-19,Real Madrid,Alaves,3,0,H,0,0,D,22,7,9,2,6,11,7,1,1,1,0,0,1.22,6.5,12.0,2021-2022,LaLiga
SP1,2022-02-19,Cadiz,Getafe,1,1,D,1,1,D,9,6,2,1,17,11,7,2,3,4,0,0,3.2,2.9,2.55,2021-2022,LaLiga
SP1,2022-02-19,Granada,Villarreal,1,4,A,0,2,A,20,15,5,7,15,10,9,2,3,6,0,0,4.0,3.4,1.95,2021-2022,LaLiga
SP1,2022-02-19,Osasuna,Ath Madrid,0,3,A,0,1,A,14,5,4,4,12,19,4,2,1,2,0,0,3.9,3.25,2.05,2021-2022,LaLiga
SP1,2022-02-20,Espanol,Sevilla,1,1,D,0,1,A,11,7,4,2,14,14,3,7,4,5,0,1,3.4,3.3,2.2,2021-2022,LaLiga
SP1,2022-02-20,Valencia,Barcelona,1,4,A,0,3,A,11,6,5,6,22,16,8,3,3,4,0,0,3.6,3.5,2.05,2021-2022,LaLiga
SP1,2022-02-20,Betis,Mallorca,2,1,H,1,0,H,14,10,5,1,13,17,4,7,3,2,0,0,1.6,4.0,5.75,2021-2022,LaLiga
SP1,2022-02-20,Ath Bilbao,Sociedad,4,0,H,0,0,D,18,9,8,2,9,9,6,4,4,1,0,0,2.37,3.0,3.4,2021-2022,LaLiga
SP1,2022-02-21,Celta,Levante,1,1,D,0,0,D,8,13,4,3,15,16,2,5,3,5,0,0,1.6,3.8,6.0,2021-2022,LaLiga
SP1,2022-02-25,Levante,Elche,3,0,H,1,0,H,11,8,4,3,17,8,3,3,1,2,0,1,2.05,3.4,3.75,2021-2022,LaLiga
SP1,2022-02-26,Mallorca,Valencia,0,1,A,0,1,A,23,8,3,4,14,21,14,1,4,6,0,1,2.4,3.1,3.1,2021-2022,LaLiga
SP1,2022-02-26,Getafe,Alaves,2,2,D,0,1,A,12,7,3,3,7,24,6,1,2,4,1,0,1.95,3.0,4.75,2021-2022,LaLiga
SP1,2022-02-26,Vallecano,Real Madrid,0,1,A,0,0,D,19,13,5,6,20,5,5,9,5,3,0,0,5.0,3.8,1.66,2021-2022,LaLiga
SP1,2022-02-26,Ath Madrid,Celta,2,0,H,1,0,H,13,16,6,2,10,7,5,9,4,3,0,0,1.61,3.8,6.0,2021-2022,LaLiga
SP1,2022-02-27,Sociedad,Osasuna,1,0,H,0,0,D,11,11,5,1,10,9,6,5,0,4,0,0,1.85,3.4,4.75,2021-2022,LaLiga
SP1,2022-02-27,Barcelona,Ath Bilbao,4,0,H,1,0,H,17,6,7,3,8,10,5,0,2,1,0,0,1.6,4.2,5.25,2021-2022,LaLiga
SP1,2022-02-27,Villarreal,Espanol,5,1,H,3,0,H,19,7,11,2,11,12,10,3,2,1,0,0,1.5,4.2,7.0,2021-2022,LaLiga
SP1,2022-02-27,Sevilla,Betis,2,1,H,2,0,H,12,10,3,2,13,16,4,4,6,3,0,0,2.2,3.25,3.5,2021-2022,LaLiga
SP1,2022-02-28,Granada,Cadiz,0,0,D,0,0,D,6,12,1,4,12,17,0,4,3,3,1,0,2.0,3.3,4.0,2021-2022,LaLiga
SP1,2022-03-02,Mallorca,Sociedad,0,2,A,0,1,A,13,13,1,3,12,9,3,4,0,2,0,0,3.4,3.2,2.25,2021-2022,LaLiga
SP1,2022-03-04,Alaves,Sevilla,0,0,D,0,0,D,14,13,2,4,16,8,5,5,3,1,0,0,4.5,3.1,1.95,2021-2022,LaLiga
SP1,2022-03-05,Real Madrid,Sociedad,4,1,H,2,1,H,18,1,8,1,12,14,7,1,0,2,0,0,1.6,4.2,5.25,2021-2022,LaLiga
SP1,2022-03-05,Osasuna,Villarreal,1,0,H,0,0,D,12,10,3,1,12,6,6,8,1,0,0,0,3.5,3.4,2.1,2021-2022,LaLiga
SP1,2022-03-05,Espanol,Getafe,2,0,H,2,0,H,4,12,1,3,17,15,1,5,6,5,0,0,2.15,3.0,3.6,2021-2022,LaLiga
SP1,2022-03-05,Valencia,Granada,3,1,H,0,0,D,12,7,4,0,14,13,3,6,3,3,0,0,1.75,3.6,4.5,2021-2022,LaLiga
SP1,2022-03-06,Celta,Mallorca,4,3,H,2,1,H,16,12,8,3,17,9,4,5,5,4,1,0,1.75,3.4,5.25,2021-2022,LaLiga
SP1,2022-03-06,Betis,Ath Madrid,1,3,A,1,1,D,18,8,6,6,16,10,10,3,5,3,0,0,3.0,3.2,2.37,2021-2022,LaLiga
SP1,2022-03-06,Cadiz,Vallecano,2,0,H,0,0,D,13,14,7,3,23,15,5,6,5,3,0,0,2.7,3.1,2.7,2021-2022,LaLiga
SP1,2022-03-06,Elche,Barcelona,1,2,A,1,0,H,13,20,3,9,10,8,5,6,2,6,1,0,7.5,4.33,1.4,2021-2022,LaLiga
SP1,2022-03-07,Ath Bilbao,Levante,3,1,H,0,0,D,17,5,9,2,6,14,4,3,1,2,0,0,1.57,4.0,5.5,2021-2022,LaLiga
SP1,2022-03-11,Ath Madrid,Cadiz,2,1,H,1,1,D,6,14,5,3,23,14,0,4,4,1,1,0,1.36,4.6,9.5,2021-2022,LaLiga
SP1,2022-03-12,Levante,Espanol,1,1,D,0,0,D,14,6,3,1,17,10,8,2,4,4,0,0,2.3,3.3,3.2,2021-2022,LaLiga
SP1,2022-03-12,Granada,Elche,0,1,A,0,1,A,15,13,4,2,15,16,3,3,3,6,0,0,2.25,3.2,3.4,2021-2022,LaLiga
SP1,2022-03-12,Villarreal,Celta,1,0,H,0,0,D,10,12,3,2,12,14,5,6,1,1,0,0,1.65,4.2,4.75,2021-2022,LaLiga
SP1,2022-03-12,Getafe,Valencia,0,0,D,0,0,D,16,6,6,0,18,21,5,3,6,5,0,0,2.37,3.2,3.2,2021-2022,LaLiga
SP1,2022-03-13,Vallecano,Sevilla,1,1,D,0,0,D,10,3,2,2,16,15,5,6,0,1,0,0,3.4,3.1,2.3,2021-2022,LaLiga
SP1,2022-03-13,Betis,Ath Bilbao,1,0,H,1,0,H,8,11,5,2,17,12,5,6,4,5,1,0,2.3,3.3,3.2,2021-2022,LaLiga
SP1,2022-03-13,Sociedad,Alaves,1,0,H,0,0,D,15,13,6,4,15,12,6,4,1,1,0,0,1.53,4.0,7.0,2021-2022,LaLiga
SP1,2022-03-13,Barcelona,Osasuna,4,0,H,3,0,H,24,4,9,3,7,4,5,1,0,4,0,0,1.33,4.75,10.0,2021-2022,LaLiga
SP1,2022-03-14,Mallorca,Real Madrid,0,3,A,0,0,D,14,11,3,5,13,15,1,6,3,3,0,0,6.0,4.0,1.57,2021-2022,LaLiga
SP1,2022-03-18,Ath Bilbao,Getafe,1,1,D,1,1,D,22,7,11,2,15,13,8,2,4,5,0,2,1.72,3.2,6.0,2021-2022,LaLiga
SP1,2022-03-19,Alaves,Granada,2,3,A,0,0,D,11,12,6,3,12,10,6,2,4,6,0,1,2.0,3.3,4.0,2021-2022,LaLiga
SP1,2022-03-19,Elche,Valencia,0,1,A,0,0,D,8,8,2,3,19,14,4,2,3,3,1,0,2.62,3.25,2.7,2021-2022,LaLiga
SP1,2022-03-19,Osasuna,Levante,3,1,H,1,0,H,20,13,7,4,9,17,6,1,0,1,0,0,1.9,3.5,4.2,2021-2022,LaLiga
SP1,2022-03-19,Vallecano,Ath Madrid,0,1,A,0,0,D,15,11,3,3,15,12,3,6,0,0,0,1,4.0,3.25,2.0,2021-2022,LaLiga
SP1,2022-03-20,Real Madrid,Barcelona,0,4,A,0,2,A,14,18,4,10,9,12,4,3,4,4,0,0,2.15,3.6,3.25,2021-2022,LaLiga
SP1,2022-03-20,Sevilla,Sociedad,0,0,D,0,0,D,10,13,0,2,12,13,7,3,0,3,0,0,2.05,3.25,3.8,2021-2022,LaLiga
SP1,2022-03-20,Espanol,Mallorca,1,0,H,1,0,H,12,9,3,3,14,12,6,6,3,3,0,0,2.05,3.5,3.5,2021-2022,LaLiga
SP1,2022-03-20,Cadiz,Villarreal,1,0,H,0,0,D,16,3,7,1,11,11,6,3,3,2,0,0,4.75,3.5,1.83,2021-2022,LaLiga
SP1,2022-03-20,Celta,Betis,0,0,D,0,0,D,9,7,3,1,12,12,2,2,1,2,0,0,2.2,3.5,3.2,2021-2022,LaLiga
SP1,2022-04-02,Getafe,Mallorca,1,0,H,0,0,D,16,7,3,1,15,22,5,1,5,6,0,1,2.15,3.0,4.0,2021-2022,LaLiga
SP1,2022-04-02,Levante,Villarreal,2,0,H,0,0,D,13,13,4,2,16,13,1,8,4,2,0,0,3.8,3.6,1.95,2021-2022,LaLiga
SP1,2022-04-02,Celta,Real Madrid,1,2,A,0,1,A,10,12,4,6,16,12,9,3,3,0,0,0,4.0,3.6,1.9,2021-2022,LaLiga
SP1,2022-04-02,Ath Madrid,Alaves,4,1,H,1,0,H,14,7,8,1,10,13,8,2,1,0,0,0,1.33,4.8,10.0,2021-2022,LaLiga
SP1,2022-04-03,Barcelona,Sevilla,1,0,H,0,0,D,19,8,6,3,12,8,9,2,3,3,0,0,1.45,4.5,7.0,2021-2022,LaLiga
SP1,2022-04-03,Ath Bilbao,Elche,2,1,H,1,0,H,16,6,6,2,14,16,7,4,2,4,0,0,1.45,4.2,7.5,2021-2022,LaLiga
SP1,2022-04-03,Betis,Osasuna,4,1,H,2,0,H,24,10,8,3,11,5,11,7,1,3,0,0,1.9,3.5,4.0,2021-2022,LaLiga
SP1,2022-04-03,Granada,Vallecano,2,2,D,0,2,A,17,10,9,4,14,14,5,4,4,5,0,1,2.6,3.1,2.9,2021-2022,LaLiga
SP1,2022-04-03,Valencia,Cadiz,0,0,D,0,0,D,5,4,1,3,11,18,4,3,3,6,0,1,1.85,3.3,4.75,2021-2022,LaLiga
SP1,2022-04-04,Sociedad,Espanol,1,0,H,0,0,D,17,8,6,2,17,13,6,0,2,4,0,0,1.6,4.0,5.75,2021-2022,LaLiga
SP1,2022-04-08,Sevilla,Granada,4,2,H,1,1,D,16,15,8,5,7,7,14,3,2,2,0,0,1.5,4.33,7.0,2021-2022,LaLiga
SP1,2022-04-09,Cadiz,Betis,1,2,A,0,0,D,10,10,4,3,18,10,8,4,1,2,0,0,3.4,3.2,2.25,2021-2022,LaLiga
SP1,2022-04-09,Mallorca,Ath Madrid,1,0,H,0,0,D,10,9,3,1,14,11,1,6,1,4,0,0,4.0,3.4,1.95,2021-2022,LaLiga
SP1,2022-04-09,Villarreal,Ath Bilbao,1,1,D,0,1,A,11,12,5,6,17,15,7,2,2,3,0,0,2.3,3.4,3.1,2021-2022,LaLiga
SP1,2022-04-09,Real Madrid,Getafe,2,0,H,1,0,H,26,8,8,0,13,11,10,2,2,2,0,0,1.4,4.5,8.5,2021-2022,LaLiga
SP1,2022-04-10,Osasuna,Alaves,1,0,H,0,0,D,15,8,4,2,12,6,7,3,3,1,0,0,1.95,3.3,4.33,2021-2022,LaLiga
SP1,2022-04-10,Espanol,Celta,1,0,H,0,0,D,11,10,2,5,12,21,2,3,4,1,0,0,2.75,3.2,2.7,2021-2022,LaLiga
SP1,2022-04-10,Elche,Sociedad,1,2,A,1,2,A,10,17,1,6,15,12,8,9,3,3,0,0,3.9,3.4,2.0,2021-2022,LaLiga
SP1,2022-04-10,Levante,Barcelona,2,3,A,0,0,D,11,14,6,7,8,7,4,3,1,1,0,0,6.0,5.0,1.45,2021-2022,LaLiga
SP1,2022-04-11,Vallecano,Valencia,1,1,D,0,0,D,11,6,4,2,13,17,5,4,3,4,0,0,2.2,3.3,3.3,2021-2022,LaLiga
SP1,2022-04-15,Sociedad,Betis,0,0,D,0,0,D,9,9,2,2,17,7,8,1,4,4,1,0,2.1,3.5,3.4,2021-2022,LaLiga
SP1,2022-04-16,Elche,Mallorca,3,0,H,1,0,H,6,13,2,2,17,13,2,1,2,3,0,0,2.7,3.0,2.9,2021-2022,LaLiga
SP1,2022-04-16,Alaves,Vallecano,1,0,H,0,0,D,11,20,5,3,10,9,2,12,2,3,0,1,2.7,3.1,2.8,2021-2022,LaLiga
SP1,2022-04-16,Valencia,Osasuna,1,2,A,0,0,D,11,9,4,3,11,22,9,5,1,2,0,0,2.15,3.2,3.7,2021-2022,LaLiga
SP1,2022-04-16,Getafe,Villarreal,1,2,A,0,2,A,12,11,5,6,17,6,6,6,2,0,0,0,3.1,3.1,2.5,2021-2022,LaLiga
SP1,2022-04-17,Sevilla,Real Madrid,2,3,A,2,0,H,7,15,2,6,11,9,0,3,3,4,0,0,3.0,3.4,2.4,2021-2022,LaLiga
SP1,2022-04-17,Ath Bilbao,Celta,0,2,A,0,2,A,10,6,2,4,13,15,5,4,2,2,0,0,1.75,3.6,5.0,2021-2022,LaLiga
SP1,2022-04-17,Granada,Levante,1,4,A,0,1,A,16,17,4,8,10,9,13,2,5,2,1,0,2.37,3.4,3.0,2021-2022,LaLiga
SP1,2022-04-17,Ath Madrid,Espanol,2,1,H,0,0,D,10,11,3,5,18,12,6,3,5,5,1,0,1.4,4.5,8.5,2021-2022,LaLiga
SP1,2022-04-18,Barcelona,Cadiz,0,1,A,0,0,D,18,6,6,4,16,9,8,1,4,1,0,0,1.2,6.5,15.0,2021-2022,LaLiga
SP1,2022-04-19,Mallorca,Alaves,2,1,H,2,0,H,5,12,3,4,25,15,0,6,2,6,0,0,1.95,3.3,4.2,2021-2022,LaLiga
SP1,2022-04-19,Betis,Elche,0,1,A,0,0,D,18,9,3,1,9,14,2,3,2,3,1,0,1.55,4.0,6.0,2021-2022,LaLiga
SP1,2022-04-19,Villarreal,Valencia,2,0,H,2,0,H,12,5,5,1,14,12,3,2,2,3,0,0,1.44,4.75,6.5,2021-2022,LaLiga
SP1,2022-04-20,Ath Madrid,Granada,0,0,D,0,0,D,22,7,1,2,9,12,11,1,4,5,0,0,1.3,5.25,10.0,2021-2022,LaLiga
SP1,2022-04-20,Celta,Getafe,0,2,A,0,1,A,9,6,2,3,13,13,2,1,2,5,0,0,2.15,3.1,3.75,2021-2022,LaLiga
SP1,2022-04-20,Osasuna,Real Madrid,1,3,A,1,2,A,12,23,3,11,13,7,3,4,1,3,0,0,5.0,3.75,1.66,2021-2022,LaLiga
SP1,2022-04-21,Sociedad,Barcelona,0,1,A,0,1,A,8,11,5,1,12,9,5,3,1,2,0,0,3.5,3.5,2.1,2021-2022,LaLiga
SP1,2022-04-21,Espanol,Vallecano,0,1,A,0,1,A,6,13,2,2,14,18,3,10,4,4,0,0,2.37,3.2,3.1,2021-2022,LaLiga
SP1,2022-04-21,Levante,Sevilla,2,3,A,1,2,A,15,13,6,6,9,12,10,4,1,5,0,0,3.5,3.5,2.1,2021-2022,LaLiga
SP1,2022-04-21,Cadiz,Ath Bilbao,2,3,A,0,3,A,27,9,8,7,9,15,4,1,3,5,0,1,3.4,3.0,2.3,2021-2022,LaLiga
SP1,2022-04-24,Barcelona,Vallecano,0,1,A,0,1,A,18,3,5,1,10,1,9,1,4,6,0,0,1.3,5.5,10.0,2021-2022,LaLiga
SP1,2022-04-29,Sevilla,Cadiz,1,1,D,1,0,H,11,10,6,4,15,11,5,6,2,2,0,0,1.65,3.5,6.0,2021-2022,LaLiga
SP1,2022-04-30,Alaves,Villarreal,2,1,H,2,0,H,11,16,5,6,14,5,5,8,5,2,0,0,3.4,3.5,2.1,2021-2022,LaLiga
SP1,2022-04-30,Real Madrid,Espanol,4,0,H,2,0,H,11,20,5,6,11,6,6,8,2,0,0,0,1.5,4.5,6.0,2021-2022,LaLiga
SP1,2022-04-30,Valencia,Levante,1,1,D,1,0,H,6,24,1,6,11,21,1,7,4,3,1,0,2.2,3.5,3.2,2021-2022,LaLiga
SP1,2022-04-30,Ath Bilbao,Ath Madrid,2,0,H,1,0,H,11,9,4,3,18,15,5,3,3,3,0,0,3.0,3.0,2.55,2021-2022,LaLiga
SP1,2022-05-01,Elche,Osasuna,1,1,D,0,0,D,11,9,4,3,13,18,7,4,4,2,0,0,2.8,3.2,2.7,2021-2022,LaLiga
SP1,2022-05-01,Granada,Celta,1,1,D,0,0,D,15,13,6,6,11,13,5,4,1,3,0,0,2.8,3.2,2.62,2021-2022,LaLiga
SP1,2022-05-01,Vallecano,Sociedad,1,1,D,0,1,A,13,8,7,3,15,7,8,5,2,1,0,0,3.3,3.1,2.37,2021-2022,LaLiga
SP1,2022-05-01,Barcelona,Mallorca,2,1,H,1,0,H,17,6,5,2,13,12,5,2,2,3,0,0,1.3,5.5,9.0,2021-2022,LaLiga
SP1,2022-05-02,Getafe,Betis,0,0,D,0,0,D,13,9,2,4,13,13,2,4,1,1,0,0,2.75,3.1,2.7,2021-2022,LaLiga
SP1,2022-05-06,Levante,Sociedad,2,1,H,0,0,D,16,21,7,6,10,11,7,6,2,3,0,0,3.3,3.6,2.1,2021-2022,LaLiga
SP1,2022-05-07,Betis,Barcelona,1,2,A,0,0,D,14,11,5,5,16,18,4,8,1,2,0,0,3.0,3.6,2.25,2021-2022,LaLiga
SP1,2022-05-07,Cadiz,Elche,3,0,H,0,0,D,17,4,7,2,18,13,8,1,1,0,0,1,1.7,3.75,5.0,2021-2022,LaLiga
SP1,2022-05-07,Celta,Alaves,4,0,H,2,0,H,15,3,7,1,7,7,7,1,1,3,0,1,1.9,3.4,4.33,2021-2022,LaLiga
SP1,2022-05-07,Mallorca,Granada,2,6,A,1,1,D,18,14,8,7,11,13,5,5,3,2,0,0,1.95,3.5,4.0,2021-2022,LaLiga
SP1,2022-05-07,Ath Bilbao,Valencia,0,0,D,0,0,D,10,4,5,1,13,22,4,2,4,4,0,1,1.55,4.0,6.5,2021-2022,LaLiga
SP1,2022-05-08,Getafe,Vallecano,0,0,D,0,0,D,12,12,6,1,20,14,4,5,3,4,0,0,2.05,3.1,4.2,2021-2022,LaLiga
SP1,2022-05-08,Villarreal,Sevilla,1,1,D,0,0,D,14,7,6,2,14,15,4,2,3,0,0,0,2.3,3.3,3.1,2021-2022,LaLiga
SP1,2022-05-08,Espanol,Osasuna,1,1,D,0,1,A,12,12,3,5,6,15,6,6,1,3,0,0,2.3,3.3,3.2,2021-2022,LaLiga
SP1,2022-05-08,Ath Madrid,Real Madrid,1,0,H,1,0,H,16,15,2,6,17,7,4,6,2,4,0,0,2.1,3.5,3.5,2021-2022,LaLiga
SP1,2022-05-10,Valencia,Betis,0,3,A,0,0,D,19,9,5,5,17,11,7,3,1,3,0,0,3.1,3.4,2.2,2021-2022,LaLiga
SP1,2022-05-10,Granada,Ath Bilbao,1,0,H,1,0,H,12,8,2,1,20,11,2,7,4,2,0,1,3.2,3.3,2.25,2021-2022,LaLiga
SP1,2022-05-10,Barcelona,Celta,3,1,H,2,0,H,10,13,4,5,18,6,2,8,3,0,0,1,1.44,5.0,6.0,2021-2022,LaLiga
SP1,2022-05-11,Elche,Ath Madrid,0,2,A,0,1,A,9,11,0,6,16,7,6,3,2,2,0,0,6.0,3.6,1.65,2021-2022,LaLiga
SP1,2022-05-11,Alaves,Espanol,2,1,H,1,1,D,27,5,9,3,11,15,12,3,3,3,0,1,2.1,3.4,3.5,2021-2022,LaLiga
SP1,2022-05-11,Osasuna,Getafe,1,1,D,1,1,D,12,6,1,0,10,17,7,2,2,4,0,1,2.7,2.9,3.0,2021-2022,LaLiga
SP1,2022-05-11,Sevilla,Mallorca,0,0,D,0,0,D,18,10,4,2,11,18,6,3,4,6,0,0,1.61,4.0,5.5,2021-2022,LaLiga
SP1,2022-05-12,Vallecano,Villarreal,1,5,A,1,4,A,17,11,3,8,13,10,9,3,5,2,0,0,4.2,3.8,1.8,2021-2022,LaLiga
SP1,2022-05-12,Real Madrid,Levante,6,0,H,4,0,H,27,16,16,1,8,6,6,6,2,1,0,0,1.45,5.25,5.5,2021-2022,LaLiga
SP1,2022-05-12,Sociedad,Cadiz,3,0,H,1,0,H,13,14,7,1,13,11,2,12,4,2,0,0,1.66,3.6,5.5,2021-2022,LaLiga
SP1,2022-05-14,Espanol,Valencia,1,1,D,1,1,D,5,18,3,5,18,15,2,3,4,1,0,0,2.5,3.4,2.8,2021-2022,LaLiga
SP1,2022-05-15,Levante,Alaves,3,1,H,0,1,A,15,6,5,2,19,10,3,4,8,6,0,0,2.8,3.8,2.25,2021-2022,LaLiga
SP1,2022-05-15,Ath Bilbao,Osasuna,2,0,H,1,0,H,14,8,8,1,6,14,10,6,0,0,0,0,1.53,4.2,6.0,2021-2022,LaLiga
SP1,2022-05-15,Ath Madrid,Sevilla,1,1,D,1,0,H,12,8,3,4,14,18,4,5,2,5,0,0,2.25,3.0,3.6,2021-2022,LaLiga
SP1,2022-05-15,Betis,Granada,2,0,H,1,0,H,11,14,4,4,11,17,4,9,0,1,0,0,1.5,4.33,6.0,2021-2022,LaLiga
SP1,2022-05-15,Cadiz,Real Madrid,1,1,D,1,1,D,21,16,7,7,13,11,10,2,7,2,0,0,3.3,3.3,2.2,2021-2022,LaLiga
SP1,2022-05-15,Celta,Elche,1,0,H,1,0,H,14,10,5,1,11,12,7,5,2,2,0,0,1.65,3.8,5.5,2021-2022,LaLiga
SP1,2022-05-15,Getafe,Barcelona,0,0,D,0,0,D,9,5,3,1,9,8,5,5,1,2,0,0,3.75,3.25,2.1,2021-2022,LaLiga
SP1,2022-05-15,Mallorca,Vallecano,2,1,H,1,0,H,12,11,5,4,13,8,5,3,1,0,0,0,1.57,3.8,6.5,2021-2022,LaLiga
SP1,2022-05-15,Villarreal,Sociedad,1,2,A,1,0,H,10,11,4,6,12,16,4,3,4,2,0,0,2.1,3.6,3.3,2021-2022,LaLiga
SP1,2022-05-20,Vallecano,Levante,2,4,A,1,3,A,19,14,8,7,8,12,7,3,0,3,0,0,1.85,4.0,3.8,2021-2022,LaLiga
SP1,2022-05-20,Real Madrid,Betis,0,0,D,0,0,D,17,11,3,2,7,12,8,5,0,0,0,0,1.65,4.5,4.33,2021-2022,LaLiga
SP1,2022-05-21,Valencia,Celta,2,0,H,1,0,H,10,9,3,3,22,19,3,3,3,3,0,0,2.75,3.3,2.62,2021-2022,LaLiga
SP1,2022-05-22,Sociedad,Ath Madrid,1,2,A,0,0,D,12,6,3,5,16,11,3,2,4,2,0,0,2.62,3.3,2.7,2021-2022,LaLiga
SP1,2022-05-22,Sevilla,Ath Bilbao,1,0,H,0,0,D,13,9,3,1,13,12,5,0,3,3,0,0,2.5,3.3,2.87,2021-2022,LaLiga
SP1,2022-05-22,Barcelona,Villarreal,0,2,A,0,1,A,14,4,3,3,12,7,12,1,3,1,0,0,2.1,4.0,3.0,2021-2022,LaLiga
SP1,2022-05-22,Elche,Getafe,3,1,H,1,1,D,19,7,9,2,11,9,8,3,2,2,0,0,3.1,2.87,2.62,2021-2022,LaLiga
SP1,2022-05-22,Granada,Espanol,0,0,D,0,0,D,15,10,5,5,9,12,7,3,1,0,0,0,1.44,4.33,7.5,2021-2022,LaLiga
SP1,2022-05-22,Alaves,Cadiz,0,1,A,0,0,D,9,13,2,6,11,13,4,4,0,1,0,0,4.2,3.7,1.83,2021-2022,LaLiga
SP1,2022-05-22,Osasuna,Mallorca,0,2,A,0,0,D,11,14,1,6,8,14,5,7,2,2,0,0,3.3,3.4,2.2,2021-2022,LaLiga
SP1,2022-08-12,Osasuna,Sevilla,2,1,H,1,1,D,12,10,5,3,16,9,5,2,5,3,0,0,3.2,3.1,2.4,2022-2023,LaLiga
SP1,2022-08-13,Barcelona,Vallecano,0,0,D,0,0,D,21,4,6,2,16,14,8,0,3,6,1,0,1.22,7.0,12.0,2022-2023,LaLiga
SP1,2022-08-13,Celta,Espanol,2,2,D,1,0,H,8,10,3,2,17,15,3,3,5,2,0,0,1.8,3.75,4.75,2022-2023,LaLiga
SP1,2022-08-13,Valladolid,Villarreal,0,3,A,0,0,D,12,10,6,4,6,10,4,5,1,0,0,0,3.9,3.6,1.9,2022-2023,LaLiga
SP1,2022-08-14,Valencia,Girona,1,0,H,1,0,H,17,5,2,1,18,14,4,4,2,3,1,0,1.85,3.4,4.5,2022-2023,LaLiga
SP1,2022-08-14,Almeria,Real Madrid,1,2,A,1,0,H,10,29,6,15,11,4,2,15,3,1,0,0,7.5,5.0,1.4,2022-2023,LaLiga
SP1,2022-08-14,Cadiz,Sociedad,0,1,A,0,1,A,7,15,2,7,9,20,3,6,4,2,0,0,3.6,3.2,2.2,2022-2023,LaLiga
SP1,2022-08-15,Getafe,Ath Madrid,0,3,A,0,1,A,10,12,0,5,14,19,3,6,2,1,0,0,5.0,3.1,1.9,2022-2023,LaLiga
SP1,2022-08-15,Betis,Elche,3,0,H,2,0,H,17,4,8,2,10,18,8,4,3,6,0,1,1.44,4.5,7.0,2022-2023,LaLiga
SP1,2022-08-15,Ath Bilbao,Mallorca,0,0,D,0,0,D,23,6,6,2,13,12,7,2,0,6,0,0,1.6,3.75,6.5,2022-2023,LaLiga
SP1,2022-08-19,Espanol,Vallecano,0,2,A,0,1,A,13,8,1,3,12,17,9,2,2,5,1,1,2.45,3.1,3.1,2022-2023,LaLiga
SP1,2022-08-19,Sevilla,Valladolid,1,1,D,0,0,D,18,6,2,3,20,10,12,2,3,2,1,1,1.5,4.2,6.5,2022-2023,LaLiga
SP1,2022-08-20,Osasuna,Cadiz,2,0,H,1,0,H,16,9,3,2,11,13,2,2,2,5,0,1,1.9,3.25,4.5,2022-2023,LaLiga
SP1,2022-08-20,Mallorca,Betis,1,2,A,0,1,A,13,8,7,3,22,17,5,2,7,8,0,0,3.1,3.2,2.4,2022-2023,LaLiga
SP1,2022-08-20,Celta,Real Madrid,1,4,A,1,2,A,15,16,2,7,12,8,2,2,2,2,0,0,4.5,4.2,1.66,2022-2023,LaLiga
SP1,2022-08-21,Ath Bilbao,Valencia,1,0,H,1,0,H,12,10,2,0,11,15,6,3,5,2,0,0,1.8,3.75,4.5,2022-2023,LaLiga
SP1,2022-08-21,Ath Madrid,Villarreal,0,2,A,0,0,D,13,19,5,5,8,11,5,6,2,3,1,0,1.85,3.5,4.33,2022-2023,LaLiga
SP1,2022-08-21,Sociedad,Barcelona,1,4,A,1,1,D,10,15,5,7,16,9,3,6,2,1,0,0,3.3,3.6,2.1,2022-2023,LaLiga
SP1,2022-08-22,Elche,Almeria,1,1,D,1,1,D,13,12,3,7,12,16,6,5,1,4,0,1,2.5,3.2,3.0,2022-2023,LaLiga
SP1,2022-08-22,Girona,Getafe,3,1,H,1,0,H,12,7,6,3,16,18,5,2,3,6,0,1,2.8,2.9,2.9,2022-2023,LaLiga
SP1,2022-08-26,Girona,Celta,0,1,A,0,0,D,11,11,3,6,16,13,2,4,2,1,0,0,2.8,3.1,2.75,2022-2023,LaLiga
SP1,2022-08-26,Betis,Osasuna,1,0,H,1,0,H,7,12,1,2,9,21,2,4,0,3,1,0,1.8,3.6,4.75,2022-2023,LaLiga
SP1,2022-08-27,Almeria,Sevilla,2,1,H,1,1,D,11,13,5,5,18,11,5,2,5,8,0,0,3.6,3.25,2.15,2022-2023,LaLiga
SP1,2022-08-27,Elche,Sociedad,0,1,A,0,1,A,12,9,5,5,13,18,4,6,3,3,0,0,3.6,3.2,2.15,2022-2023,LaLiga
SP1,2022-08-27,Vallecano,Mallorca,0,2,A,0,1,A,15,9,0,4,11,18,7,3,1,3,0,0,2.05,3.25,4.0,2022-2023,LaLiga
SP1,2022-08-28,Getafe,Villarreal,0,0,D,0,0,D,8,11,2,6,11,19,1,4,1,5,0,0,4.33,3.4,1.85,2022-2023,LaLiga
SP1,2022-08-28,Barcelona,Valladolid,4,0,H,2,0,H,24,8,9,3,9,8,14,4,0,3,0,0,1.14,8.5,15.0,2022-2023,LaLiga
SP1,2022-08-28,Espanol,Real Madrid,1,3,A,1,1,D,15,19,4,6,15,12,7,7,0,0,1,0,6.5,4.75,1.45,2022-2023,LaLiga
SP1,2022-08-29,Cadiz,Ath Bilbao,0,4,A,0,1,A,9,20,3,8,18,4,0,6,2,1,0,0,3.6,3.2,2.15,2022-2023,LaLiga
SP1,2022-08-29,Valencia,Ath Madrid,0,1,A,0,0,D,12,13,2,7,15,17,6,2,4,3,0,0,4.0,3.3,2.0,2022-2023,LaLiga
SP1,2022-09-02,Celta,Cadiz,3,0,H,0,0,D,9,7,5,0,13,23,2,2,1,2,0,0,1.66,3.6,5.5,2022-2023,LaLiga
SP1,2022-09-03,Sevilla,Barcelona,0,3,A,0,2,A,9,18,4,7,15,14,4,4,2,4,0,0,4.5,3.6,1.8,2022-2023,LaLiga
SP1,2022-09-03,Mallorca,Girona,1,1,D,0,0,D,10,10,4,4,23,9,6,3,4,2,0,0,2.15,3.2,3.6,2022-2023,LaLiga
SP1,2022-09-03,Real Madrid,Betis,2,1,H,1,1,D,22,8,4,4,8,12,9,2,0,1,0,0,1.4,5.25,6.5,2022-2023,LaLiga
SP1,2022-09-03,Sociedad,Ath Madrid,1,1,D,0,1,A,12,15,5,7,18,13,7,7,5,4,0,0,2.9,3.2,2.55,2022-2023,LaLiga
SP1,2022-09-04,Valencia,Getafe,5,1,H,3,0,H,24,7,9,4,11,21,9,1,3,6,1,1,1.9,3.2,4.5,2022-2023,LaLiga
SP1,2022-09-04,Villarreal,Elche,4,0,H,2,0,H,18,7,10,0,10,9,6,4,1,3,0,0,1.33,5.0,10.0,2022-2023,LaLiga
SP1,2022-09-04,Osasuna,Vallecano,2,1,H,0,0,D,13,5,6,3,14,16,4,0,2,2,0,0,2.0,3.1,4.33,2022-2023,LaLiga
SP1,2022-09-04,Ath Bilbao,Espanol,0,1,A,0,0,D,17,9,2,2,12,12,4,2,3,2,0,0,1.53,4.0,6.5,2022-2023,LaLiga
SP1,2022-09-05,Valladolid,Almeria,1,0,H,0,0,D,14,12,6,1,11,20,2,8,1,6,0,0,2.3,3.3,3.1,2022-2023,LaLiga
SP1,2022-09-09,Girona,Valladolid,2,1,H,1,1,D,14,14,5,4,11,15,3,12,0,2,0,0,2.25,3.25,3.4,2022-2023,LaLiga
SP1,2022-09-10,Vallecano,Valencia,2,1,H,1,0,H,14,17,6,4,22,11,7,7,5,2,0,0,2.62,3.1,2.87,2022-2023,LaLiga
SP1,2022-09-10,Espanol,Sevilla,2,3,A,1,3,A,19,11,5,7,11,14,9,3,3,5,0,1,2.87,3.25,2.5,2022-2023,LaLiga
SP1,2022-09-10,Cadiz,Barcelona,0,4,A,0,0,D,6,16,0,8,12,13,5,6,1,2,0,0,13.0,6.5,1.22,2022-2023,LaLiga
SP1,2022-09-10,Ath Madrid,Celta,4,1,H,1,0,H,10,14,4,3,11,6,4,7,2,3,0,0,1.61,3.8,6.0,2022-2023,LaLiga
SP1,2022-09-11,Real Madrid,Mallorca,4,1,H,1,1,D,22,5,7,2,7,15,4,3,3,5,0,0,1.25,6.0,11.0,2022-2023,LaLiga
SP1,2022-09-11,Elche,Ath Bilbao,1,4,A,0,4,A,9,16,2,8,15,9,5,5,3,0,0,0,4.0,3.6,1.9,2022-2023,LaLiga
SP1,2022-09-11,Getafe,Sociedad,2,1,H,1,0,H,8,13,3,6,9,16,3,7,4,1,0,0,3.75,3.0,2.15,2022-2023,LaLiga
SP1,2022-09-11,Betis,Villarreal,1,0,H,0,0,D,16,14,5,3,11,14,9,8,1,1,0,0,2.8,3.4,2.5,2022-2023,LaLiga
SP1,2022-09-12,Almeria,Osasuna,0,1,A,0,1,A,7,15,2,4,4,9,5,10,0,2,0,0,2.6,3.25,2.75,2022-2023,LaLiga
SP1,2022-09-16,Valladolid,Cadiz,0,1,A,0,0,D,18,7,6,1,12,19,8,2,1,4,0,0,2.0,3.25,4.0,2022-2023,LaLiga
SP1,2022-09-17,Ath Bilbao,Vallecano,3,2,H,3,1,H,14,11,7,2,13,13,2,7,1,2,0,0,1.53,4.0,6.5,2022-2023,LaLiga
SP1,2022-09-17,Valencia,Celta,3,0,H,1,0,H,14,6,7,2,18,23,5,4,3,2,0,1,2.3,3.2,3.3,2022-2023,LaLiga
SP1,2022-09-17,Mallorca,Almeria,1,0,H,1,0,H,5,9,2,3,15,14,5,2,3,6,0,0,2.0,3.3,4.0,2022-2023,LaLiga
SP1,2022-09-17,Barcelona,Elche,3,0,H,2,0,H,25,1,9,1,11,9,6,0,2,2,0,1,1.08,11.0,26.0,2022-2023,LaLiga
SP1,2022-09-18,Osasuna,Getafe,0,2,A,0,1,A,12,10,4,4,15,15,8,1,7,3,1,1,1.8,3.4,5.0,2022-2023,LaLiga
SP1,2022-09-18,Villarreal,Sevilla,1,1,D,0,1,A,17,12,7,1,15,12,6,4,1,5,0,0,1.7,3.8,5.0,2022-2023,LaLiga
SP1,2022-09-18,Betis,Girona,2,1,H,1,1,D,9,8,3,3,9,8,2,4,0,3,0,0,1.75,3.6,5.0,2022-2023,LaLiga
SP1,2022-09-18,Sociedad,Espanol,2,1,H,2,1,H,14,14,6,4,18,8,4,2,3,0,0,0,1.7,3.6,5.0,2022-2023,LaLiga
SP1,2022-09-18,Ath Madrid,Real Madrid,1,2,A,0,2,A,12,6,5,3,15,16,8,1,4,2,1,0,3.1,3.4,2.3,2022-2023,LaLiga
SP1,2022-09-30,Ath Bilbao,Almeria,4,0,H,2,0,H,17,8,4,2,17,8,11,2,1,3,0,0,1.33,5.0,9.5,2022-2023,LaLiga
SP1,2022-10-01,Sevilla,Ath Madrid,0,2,A,0,1,A,14,20,3,6,9,12,5,7,3,2,0,0,3.0,3.2,2.5,2022-2023,LaLiga
SP1,2022-10-01,Mallorca,Barcelona,0,1,A,0,1,A,13,11,3,3,9,13,5,5,2,4,0,0,9.0,5.0,1.36,2022-2023,LaLiga
SP1,2022-10-01,Cadiz,Villarreal,0,0,D,0,0,D,10,14,2,6,13,8,6,5,2,3,1,0,6.0,4.0,1.57,2022-2023,LaLiga
SP1,2022-10-01,Getafe,Valladolid,2,3,A,2,2,D,14,14,6,7,23,13,4,2,2,4,0,0,2.3,3.0,3.5,2022-2023,LaLiga
SP1,2022-10-02,Celta,Betis,1,0,H,1,0,H,11,9,4,4,26,3,5,3,4,3,0,1,2.45,3.4,2.87,2022-2023,LaLiga
SP1,2022-10-02,Girona,Sociedad,3,5,A,2,2,D,16,11,8,5,9,19,2,2,3,1,0,0,3.25,3.2,2.3,2022-2023,LaLiga
SP1,2022-10-02,Espanol,Valencia,2,2,D,0,0,D,10,12,5,5,16,15,6,4,2,1,1,1,2.62,3.3,2.7,2022-2023,LaLiga
SP1,2022-10-02,Real Madrid,Osasuna,1,1,D,1,0,H,22,8,4,2,9,13,10,2,1,2,0,1,1.3,5.5,9.5,2022-2023,LaLiga
SP1,2022-10-03,Vallecano,Elche,2,1,H,1,1,D,15,5,6,2,5,19,13,3,1,8,0,0,1.72,3.6,5.25,2022-2023,LaLiga
SP1,2022-10-07,Osasuna,Valencia,1,2,A,0,1,A,11,15,2,7,11,19,7,5,3,6,2,1,2.4,3.2,3.1,2022-2023,LaLiga
SP1,2022-10-08,Almeria,Vallecano,3,1,H,3,0,H,10,12,4,4,22,12,7,6,4,2,1,0,2.9,3.3,2.55,2022-2023,LaLiga
SP1,2022-10-08,Ath Madrid,Girona,2,1,H,1,0,H,13,11,7,4,12,13,8,3,3,1,0,0,1.45,4.33,7.5,2022-2023,LaLiga
SP1,2022-10-08,Sevilla,Ath Bilbao,1,1,D,1,0,H,10,21,3,4,19,14,5,7,4,0,0,1,3.0,3.3,2.4,2022-2023,LaLiga
SP1,2022-10-08,Getafe,Real Madrid,0,1,A,0,1,A,9,19,2,4,10,5,4,4,0,0,0,0,6.5,4.5,1.5,2022-2023,LaLiga
SP1,2022-10-09,Valladolid,Betis,0,0,D,0,0,D,12,4,3,1,12,16,3,1,1,1,0,1,2.8,3.4,2.4,2022-2023,LaLiga
SP1,2022-10-09,Cadiz,Espanol,2,2,D,1,0,H,8,9,3,6,13,12,8,3,4,4,0,0,2.87,3.2,2.55,2022-2023,LaLiga
SP1,2022-10-09,Sociedad,Villarreal,1,0,H,1,0,H,17,5,5,1,21,18,9,3,5,3,0,0,2.5,3.4,2.75,2022-2023,LaLiga
SP1,2022-10-09,Barcelona,Celta,1,0,H,1,0,H,13,14,5,3,16,9,6,3,2,4,0,0,1.28,6.0,9.0,2022-2023,LaLiga
SP1,2022-10-10,Elche,Mallorca,1,1,D,1,0,H,7,11,2,4,12,17,5,7,4,5,1,1,3.0,3.1,2.5,2022-2023,LaLiga
SP1,2022-10-14,Vallecano,Getafe,0,0,D,0,0,D,16,6,3,3,13,17,4,1,2,3,0,0,2.05,3.2,3.8,2022-2023,LaLiga
SP1,2022-10-15,Ath Bilbao,Ath Madrid,0,1,A,0,0,D,13,3,3,1,14,17,6,1,0,6,0,0,2.45,3.2,3.0,2022-2023,LaLiga
SP1,2022-10-15,Mallorca,Sevilla,0,1,A,0,0,D,9,4,5,1,17,15,1,3,2,3,0,0,2.9,3.0,2.7,2022-2023,LaLiga
SP1,2022-10-15,Girona,Cadiz,1,1,D,0,0,D,23,9,6,2,16,9,6,2,5,4,0,0,1.9,3.3,4.5,2022-2023,LaLiga
SP1,2022-10-15,Valencia,Elche,2,2,D,2,1,H,20,8,8,6,14,19,6,1,3,6,0,0,1.4,4.75,7.5,2022-2023,LaLiga
SP1,2022-10-16,Celta,Sociedad,1,2,A,1,1,D,10,8,3,6,14,17,1,6,5,7,1,0,2.6,3.2,2.8,2022-2023,LaLiga
SP1,2022-10-16,Real Madrid,Barcelona,3,1,H,2,0,H,8,18,4,5,11,14,2,3,2,2,0,0,2.2,3.6,3.1,2022-2023,LaLiga
SP1,2022-10-16,Espanol,Valladolid,1,0,H,0,0,D,15,14,3,2,13,11,6,4,1,4,0,0,2.2,3.3,3.5,2022-2023,LaLiga
SP1,2022-10-16,Betis,Almeria,3,1,H,1,0,H,15,12,6,5,6,7,9,3,1,1,0,0,1.57,4.1,5.75,2022-2023,LaLiga
SP1,2022-10-17,Villarreal,Osasuna,2,0,H,1,0,H,12,14,9,3,14,23,8,4,2,6,0,0,1.57,4.2,6.0,2022-2023,LaLiga
SP1,2022-10-18,Sevilla,Valencia,1,1,D,0,1,A,18,13,5,5,11,26,11,6,4,7,1,0,2.25,3.4,3.2,2022-2023,LaLiga
SP1,2022-10-18,Getafe,Ath Bilbao,2,2,D,1,1,D,11,14,4,4,14,11,7,4,7,4,0,0,4.75,3.3,1.83,2022-2023,LaLiga
SP1,2022-10-18,Ath Madrid,Vallecano,1,1,D,1,0,H,12,14,4,4,11,11,3,4,3,0,0,0,1.55,3.75,7.0,2022-2023,LaLiga
SP1,2022-10-19,Elche,Real Madrid,0,3,A,0,1,A,10,10,3,7,14,10,8,2,1,1,0,0,8.5,5.75,1.3,2022-2023,LaLiga
SP1,2022-10-19,Cadiz,Betis,0,0,D,0,0,D,13,12,3,3,15,7,4,9,1,2,0,1,4.0,3.3,2.0,2022-2023,LaLiga
SP1,2022-10-19,Valladolid,Celta,4,1,H,1,1,D,9,22,7,5,12,11,3,7,1,1,0,0,2.9,3.3,2.45,2022-2023,LaLiga
SP1,2022-10-19,Sociedad,Mallorca,1,0,H,1,0,H,14,12,7,3,18,9,10,7,1,2,0,0,1.55,4.0,6.5,2022-2023,LaLiga
SP1,2022-10-20,Osasuna,Espanol,1,0,H,0,0,D,17,5,5,3,17,15,9,2,1,2,0,0,2.05,3.6,3.5,2022-2023,LaLiga
SP1,2022-10-20,Barcelona,Villarreal,3,0,H,3,0,H,16,5,5,1,18,11,8,0,0,1,0,0,1.5,4.5,6.0,2022-2023,LaLiga
SP1,2022-10-20,Almeria,Girona,3,2,H,3,0,H,13,14,7,5,14,14,4,5,1,3,0,0,2.6,3.25,2.8,2022-2023,LaLiga
SP1,2022-10-22,Vallecano,Cadiz,5,1,H,2,0,H,28,3,11,0,13,12,10,1,1,4,1,2,1.72,3.5,5.25,2022-2023,LaLiga
SP1,2022-10-22,Valladolid,Sociedad,1,0,H,1,0,H,9,20,2,2,19,14,4,10,2,3,0,0,3.6,3.4,2.05,2022-2023,LaLiga
SP1,2022-10-22,Valencia,Mallorca,1,2,A,0,0,D,13,10,3,5,14,19,5,3,3,5,0,0,1.75,3.5,5.0,2022-2023,LaLiga
SP1,2022-10-22,Real Madrid,Sevilla,3,1,H,1,0,H,18,9,6,2,9,12,4,3,1,4,0,0,1.36,4.75,8.5,2022-2023,LaLiga
SP1,2022-10-23,Espanol,Elche,2,2,D,1,1,D,13,9,5,4,13,10,5,3,2,3,0,0,1.66,3.75,5.25,2022-2023,LaLiga
SP1,2022-10-23,Betis,Ath Madrid,1,2,A,0,0,D,17,9,4,3,10,17,7,4,2,3,0,0,3.2,3.3,2.3,2022-2023,LaLiga
SP1,2022-10-23,Girona,Osasuna,1,1,D,1,1,D,7,9,1,2,11,11,3,5,2,3,0,0,2.55,3.2,2.9,2022-2023,LaLiga
SP1,2022-10-23,Villarreal,Almeria,2,1,H,0,1,A,11,15,5,4,7,8,10,4,4,1,1,0,1.36,4.75,9.0,2022-2023,LaLiga
SP1,2022-10-23,Barcelona,Ath Bilbao,4,0,H,3,0,H,10,5,7,3,7,13,1,2,2,2,0,0,1.55,4.5,5.5,2022-2023,LaLiga
SP1,2022-10-24,Celta,Getafe,1,1,D,0,1,A,17,4,5,1,10,13,10,0,1,1,0,0,1.75,3.5,5.0,2022-2023,LaLiga
SP1,2022-10-28,Mallorca,Espanol,1,1,D,0,0,D,12,7,5,2,15,9,4,4,4,1,0,0,2.25,3.1,3.4,2022-2023,LaLiga
SP1,2022-10-29,Sevilla,Vallecano,0,1,A,0,0,D,10,15,4,5,9,20,6,6,6,1,0,0,2.0,3.3,4.0,2022-2023,LaLiga
SP1,2022-10-29,Valencia,Barcelona,0,1,A,0,0,D,3,13,2,2,13,7,3,10,4,5,0,0,5.0,4.33,1.57,2022-2023,LaLiga
SP1,2022-10-29,Cadiz,Ath Madrid,3,2,H,1,0,H,10,15,7,7,15,12,5,3,2,4,0,0,7.0,3.6,1.6,2022-2023,LaLiga
SP1,2022-10-29,Almeria,Celta,3,1,H,0,1,A,19,8,5,3,10,7,6,4,4,0,0,1,3.3,3.3,2.25,2022-2023,LaLiga
SP1,2022-10-30,Osasuna,Valladolid,2,0,H,2,0,H,20,7,10,2,14,16,1,8,1,3,0,0,1.9,3.4,4.33,2022-2023,LaLiga
SP1,2022-10-30,Real Madrid,Girona,1,1,D,0,0,D,19,8,6,2,16,8,7,1,3,3,1,0,1.2,6.5,13.0,2022-2023,LaLiga
SP1,2022-10-30,Ath Bilbao,Villarreal,1,0,H,0,0,D,19,6,7,3,12,10,6,2,2,1,0,0,2.2,3.3,3.4,2022-2023,LaLiga
SP1,2022-10-30,Sociedad,Betis,0,2,A,0,0,D,14,10,7,4,22,16,5,3,4,4,0,0,2.0,3.5,3.8,2022-2023,LaLiga
SP1,2022-10-31,Elche,Getafe,0,1,A,0,0,D,12,8,5,3,12,11,6,2,0,3,0,1,2.7,3.0,2.87,2022-2023,LaLiga
SP1,2022-11-04,Girona,Ath Bilbao,2,1,H,0,0,D,19,11,10,7,11,11,7,1,1,1,0,0,3.75,3.5,2.0,2022-2023,LaLiga
SP1,2022-11-05,Getafe,Cadiz,0,0,D,0,0,D,13,15,2,4,15,16,5,5,5,2,2,1,2.2,3.1,3.75,2022-2023,LaLiga
SP1,2022-11-05,Valladolid,Elche,2,1,H,1,0,H,16,4,11,2,9,10,8,4,2,0,0,0,1.83,3.6,4.33,2022-2023,LaLiga
SP1,2022-11-05,Celta,Osasuna,1,2,A,1,2,A,13,8,5,4,12,20,2,3,1,5,0,0,2.1,3.3,3.75,2022-2023,LaLiga
SP1,2022-11-05,Barcelona,Almeria,2,0,H,0,0,D,27,4,13,1,14,13,9,1,2,1,0,0,1.08,10.0,26.0,2022-2023,LaLiga
SP1,2022-11-06,Sociedad,Valencia,1,1,D,1,1,D,9,14,4,3,11,12,1,11,2,0,1,0,1.95,3.4,4.0,2022-2023,LaLiga
SP1,2022-11-06,Villarreal,Mallorca,0,2,A,0,1,A,9,7,2,5,17,16,5,2,4,6,0,0,1.57,4.0,5.75,2022-2023,LaLiga
SP1,2022-11-06,Ath Madrid,Espanol,1,1,D,0,0,D,27,6,7,2,13,10,12,2,3,5,0,1,1.44,4.5,8.0,2022-2023,LaLiga
SP1,2022-11-06,Betis,Sevilla,1,1,D,1,0,H,9,22,4,6,6,20,1,4,4,5,2,1,2.2,3.2,3.6,2022-2023,LaLiga
SP1,2022-11-07,Vallecano,Real Madrid,3,2,H,2,2,D,15,16,7,2,22,11,4,5,4,5,0,0,4.75,4.2,1.65,2022-2023,LaLiga
SP1,2022-11-08,Elche,Girona,1,2,A,1,1,D,11,21,2,3,16,9,2,5,3,2,0,0,3.25,3.3,2.2,2022-2023,LaLiga
SP1,2022-11-08,Ath Bilbao,Valladolid,3,0,H,1,0,H,19,8,6,0,20,6,10,2,3,1,0,0,1.4,4.5,7.5,2022-2023,LaLiga
SP1,2022-11-08,Osasuna,Barcelona,1,2,A,1,0,H,15,9,3,3,15,6,2,5,4,4,0,2,5.75,4.2,1.53,2022-2023,LaLiga
SP1,2022-11-09,Almeria,Getafe,1,0,H,1,0,H,8,11,3,3,17,8,7,6,8,4,1,0,2.15,3.3,3.5,2022-2023,LaLiga
SP1,2022-11-09,Sevilla,Sociedad,1,2,A,1,2,A,6,17,3,9,9,12,2,1,2,2,2,0,2.6,3.2,2.8,2022-2023,LaLiga
SP1,2022-11-09,Espanol,Villarreal,0,1,A,0,0,D,14,10,6,3,11,6,4,7,1,3,0,0,3.2,3.2,2.37,2022-2023,LaLiga
SP1,2022-11-09,Mallorca,Ath Madrid,1,0,H,1,0,H,9,17,3,5,14,17,2,5,5,3,0,0,3.8,3.1,2.1,2022-2023,LaLiga
SP1,2022-11-10,Vallecano,Celta,0,0,D,0,0,D,10,11,3,3,19,16,5,3,7,1,0,0,2.2,3.2,3.5,2022-2023,LaLiga
SP1,2022-11-10,Valencia,Betis,3,0,H,0,0,D,15,5,7,1,12,9,5,5,1,3,0,1,2.1,3.4,3.6,2022-2023,LaLiga
SP1,2022-11-10,Real Madrid,Cadiz,2,1,H,1,0,H,18,10,5,5,12,16,7,1,3,3,0,0,1.14,8.5,15.0,2022-2023,LaLiga
SP1,2022-12-29,Girona,Vallecano,2,2,D,1,1,D,16,12,7,4,14,14,2,4,3,2,0,0,2.3,3.2,3.3,2022-2023,LaLiga
SP1,2022-12-29,Betis,Ath Bilbao,0,0,D,0,0,D,9,10,5,0,8,17,2,6,1,4,1,0,2.88,3.3,2.5,2022-2023,LaLiga
SP1,2022-12-29,Ath Madrid,Elche,2,0,H,0,0,D,18,5,4,1,14,20,3,5,3,4,1,2,1.29,5.5,10.0,2022-2023,LaLiga
SP1,2022-12-30,Valladolid,Real Madrid,0,2,A,0,0,D,14,19,4,8,7,9,5,9,2,0,1,0,6.5,4.75,1.45,2022-2023,LaLiga
SP1,2022-12-30,Celta,Sevilla,1,1,D,1,0,H,17,7,5,5,11,13,5,6,2,4,0,1,2.2,3.3,3.4,2022-2023,LaLiga
SP1,2022-12-30,Cadiz,Almeria,1,1,D,0,1,A,12,18,6,9,7,14,3,2,2,0,0,0,2.38,3.1,3.25,2022-2023,LaLiga
SP1,2022-12-30,Getafe,Mallorca,2,0,H,0,0,D,14,3,6,0,10,19,4,2,0,1,0,0,2.75,2.75,3.1,2022-2023,LaLiga
SP1,2022-12-31,Barcelona,Espanol,1,1,D,1,0,H,21,4,6,1,11,15,10,2,6,7,1,1,1.25,6.5,10.0,2022-2023,LaLiga
SP1,2022-12-31,Sociedad,Osasuna,2,0,H,1,0,H,9,11,2,3,10,15,3,2,1,1,0,0,1.85,3.3,4.75,2022-2023,LaLiga
SP1,2022-12-31,Villarreal,Valencia,2,1,H,1,1,D,14,13,8,4,12,16,5,2,1,3,0,0,1.95,3.4,4.2,2022-2023,LaLiga
SP1,2023-01-06,Elche,Celta,0,1,A,0,1,A,13,14,5,7,15,15,8,4,3,1,1,0,4.0,3.25,1.95,2022-2023,LaLiga
SP1,2023-01-06,Valencia,Cadiz,0,1,A,0,1,A,11,6,2,2,14,21,13,2,5,6,0,0,1.57,4.0,5.75,2022-2023,LaLiga
SP1,2023-01-07,Villarreal,Real Madrid,2,1,H,0,0,D,17,13,5,3,13,6,6,5,4,1,0,0,3.25,3.8,2.05,2022-2023,LaLiga
SP1,2023-01-07,Mallorca,Valladolid,1,0,H,0,0,D,13,9,4,1,14,17,6,2,2,3,0,0,1.95,3.3,4.2,2022-2023,LaLiga
SP1,2023-01-07,Espanol,Girona,2,2,D,0,1,A,12,12,6,5,13,16,5,2,3,2,0,0,2.25,3.4,3.2,2022-2023,LaLiga
SP1,2023-01-08,Almeria,Sociedad,0,2,A,0,0,D,6,9,1,6,13,14,4,2,1,0,0,0,4.2,3.3,1.95,2022-2023,LaLiga
SP1,2023-01-08,Vallecano,Betis,1,2,A,1,2,A,15,14,3,3,10,16,5,7,3,2,0,0,2.3,3.3,3.2,2022-2023,LaLiga
SP1,2023-01-08,Sevilla,Getafe,2,1,H,1,0,H,11,11,5,2,13,16,4,4,3,3,0,0,1.75,3.4,5.25,2022-2023,LaLiga
SP1,2023-01-08,Ath Madrid,Barcelona,0,1,A,0,1,A,20,10,5,2,8,16,7,4,2,3,1,1,3.1,3.4,2.3,2022-2023,LaLiga
SP1,2023-01-09,Ath Bilbao,Osasuna,0,0,D,0,0,D,17,3,3,1,8,13,14,1,0,1,0,0,1.67,3.6,5.75,2022-2023,LaLiga
SP1,2023-01-13,Celta,Villarreal,1,1,D,0,1,A,21,3,8,1,11,8,14,3,0,2,0,0,2.88,3.3,2.5,2022-2023,LaLiga
SP1,2023-01-14,Valladolid,Vallecano,0,1,A,0,0,D,9,13,2,6,17,18,4,8,2,2,0,0,2.75,3.25,2.63,2022-2023,LaLiga
SP1,2023-01-14,Girona,Sevilla,2,1,H,0,1,A,19,10,7,2,11,7,5,2,3,1,0,0,2.38,3.4,3.0,2022-2023,LaLiga
SP1,2023-01-14,Osasuna,Mallorca,1,0,H,0,0,D,15,6,4,2,15,19,3,1,2,3,0,0,2.0,3.1,4.33,2022-2023,LaLiga
SP1,2023-01-14,Sociedad,Ath Bilbao,3,1,H,2,1,H,11,6,5,2,20,15,4,2,5,1,0,1,2.4,3.2,3.1,2022-2023,LaLiga
SP1,2023-01-15,Getafe,Espanol,1,2,A,1,1,D,10,10,2,4,20,13,5,1,2,3,0,0,2.5,3.0,3.1,2022-2023,LaLiga
SP1,2023-01-15,Almeria,Ath Madrid,1,1,D,1,1,D,14,12,3,6,14,12,3,4,4,4,0,1,5.0,3.75,1.7,2022-2023,LaLiga
SP1,2023-01-16,Cadiz,Elche,1,1,D,1,0,H,16,12,3,5,11,21,3,6,3,2,0,0,1.91,3.4,4.33,2022-2023,LaLiga
SP1,2023-01-20,Mallorca,Celta,1,0,H,0,0,D,8,10,3,3,15,11,4,6,2,3,0,0,2.8,2.75,3.0,2022-2023,LaLiga
SP1,2023-01-21,Vallecano,Sociedad,0,2,A,0,2,A,14,12,2,7,11,11,3,4,0,0,0,0,3.1,3.2,2.38,2022-2023,LaLiga
SP1,2023-01-21,Espanol,Betis,1,0,H,1,0,H,8,13,2,4,18,8,7,4,3,2,0,0,2.7,3.2,2.7,2022-2023,LaLiga
SP1,2023-01-21,Ath Madrid,Valladolid,3,0,H,3,0,H,18,7,8,1,12,7,4,1,1,1,0,0,1.4,4.75,8.5,2022-2023,LaLiga
SP1,2023-01-21,Sevilla,Cadiz,1,0,H,0,0,D,17,4,9,1,15,14,8,1,1,4,0,1,1.7,3.75,5.0,2022-2023,LaLiga
SP1,2023-01-22,Ath Bilbao,Real Madrid,0,2,A,0,1,A,18,10,3,4,17,10,12,2,3,2,0,0,2.9,3.4,2.38,2022-2023,LaLiga
SP1,2023-01-22,Barcelona,Getafe,1,0,H,1,0,H,8,7,4,3,11,6,4,2,1,2,0,0,1.18,8.0,15.0,2022-2023,LaLiga
SP1,2023-01-22,Elche,Osasuna,1,1,D,0,1,A,13,8,4,4,19,9,7,2,2,1,0,0,3.5,3.25,2.15,2022-2023,LaLiga
SP1,2023-01-22,Villarreal,Girona,1,0,H,0,0,D,19,8,9,1,21,15,3,2,5,5,0,1,1.73,3.8,4.5,2022-2023,LaLiga
SP1,2023-01-23,Valencia,Almeria,2,2,D,0,0,D,16,14,6,3,8,8,6,2,2,1,0,0,1.6,4.2,5.25,2022-2023,LaLiga
SP1,2023-01-27,Almeria,Espanol,3,1,H,1,0,H,19,6,7,3,16,6,2,2,3,3,0,0,2.38,3.1,3.2,2022-2023,LaLiga
SP1,2023-01-28,Cadiz,Mallorca,2,0,H,2,0,H,11,9,4,2,13,12,6,2,2,2,0,0,2.88,2.8,2.9,2022-2023,LaLiga
SP1,2023-01-28,Girona,Barcelona,0,1,A,0,0,D,8,8,2,3,10,15,4,2,2,3,1,0,5.0,4.33,1.57,2022-2023,LaLiga
SP1,2023-01-28,Sevilla,Elche,3,0,H,3,0,H,22,6,8,1,7,8,5,2,1,3,0,1,1.53,4.0,7.0,2022-2023,LaLiga
SP1,2023-01-28,Getafe,Betis,0,1,A,0,0,D,6,13,1,2,25,12,6,1,4,2,0,0,3.2,2.88,2.63,2022-2023,LaLiga
SP1,2023-01-29,Valladolid,Valencia,1,0,H,0,0,D,13,15,6,2,14,15,4,7,3,1,0,0,3.25,3.1,2.4,2022-2023,LaLiga
SP1,2023-01-29,Osasuna,Ath Madrid,0,1,A,0,0,D,14,13,4,5,13,7,5,4,1,0,0,0,3.6,3.1,2.2,2022-2023,LaLiga
SP1,2023-01-29,Celta,Ath Bilbao,1,0,H,0,0,D,9,5,3,0,17,19,2,5,3,2,0,0,2.88,3.0,2.7,2022-2023,LaLiga
SP1,2023-01-29,Real Madrid,Sociedad,0,0,D,0,0,D,20,8,7,3,8,19,10,3,1,4,0,0,1.67,3.8,5.0,2022-2023,LaLiga
SP1,2023-01-30,Villarreal,Vallecano,0,1,A,0,0,D,12,11,3,3,11,18,5,4,2,3,0,0,1.67,3.8,5.25,2022-2023,LaLiga
SP1,2023-02-01,Betis,Barcelona,1,2,A,0,0,D,5,13,1,3,17,9,1,6,3,0,1,0,5.0,3.8,1.67,2022-2023,LaLiga
SP1,2023-02-02,Real Madrid,Valencia,2,0,H,0,0,D,19,4,7,0,12,17,6,6,3,1,0,1,1.44,4.75,6.5,2022-2023,LaLiga
SP1,2023-02-03,Ath Bilbao,Cadiz,4,1,H,3,1,H,17,15,9,3,14,12,0,3,2,1,1,0,1.36,4.5,9.5,2022-2023,LaLiga
SP1,2023-02-04,Espanol,Osasuna,1,1,D,0,1,A,9,9,4,3,9,17,4,3,3,5,1,1,2.55,3.0,3.0,2022-2023,LaLiga
SP1,2023-02-04,Elche,Villarreal,3,1,H,2,1,H,18,14,7,2,19,8,6,10,4,2,0,0,5.0,3.8,1.67,2022-2023,LaLiga
SP1,2023-02-04,Ath Madrid,Getafe,1,1,D,0,0,D,12,9,4,1,11,18,8,0,3,5,0,0,1.4,4.33,9.0,2022-2023,LaLiga
SP1,2023-02-04,Betis,Celta,3,4,A,2,2,D,15,9,7,7,11,13,5,5,2,3,1,0,2.2,3.2,3.5,2022-2023,LaLiga
SP1,2023-02-05,Mallorca,Real Madrid,1,0,H,1,0,H,4,20,1,1,29,14,1,12,5,5,0,0,5.0,3.5,1.73,2022-2023,LaLiga
SP1,2023-02-05,Girona,Valencia,1,0,H,0,0,D,20,8,8,4,11,10,8,4,1,4,0,0,2.2,3.2,3.5,2022-2023,LaLiga
SP1,2023-02-05,Sociedad,Valladolid,0,1,A,0,0,D,15,7,4,2,17,14,0,4,4,5,0,0,1.44,4.33,7.5,2022-2023,LaLiga
SP1,2023-02-05,Barcelona,Sevilla,3,0,H,0,0,D,16,3,7,1,8,10,8,3,0,2,0,0,1.33,5.25,8.5,2022-2023,LaLiga
SP1,2023-02-06,Vallecano,Almeria,2,0,H,0,0,D,15,14,11,5,16,9,3,7,3,3,0,0,1.73,3.6,5.0,2022-2023,LaLiga
SP1,2023-02-10,Cadiz,Girona,2,0,H,2,0,H,12,7,3,1,17,11,5,6,4,4,0,0,3.0,3.2,2.45,2022-2023,LaLiga
SP1,2023-02-11,Valencia,Ath Bilbao,1,2,A,1,1,D,18,11,8,3,11,17,7,1,2,2,0,0,3.0,3.2,2.45,2022-2023,LaLiga
SP1,2023-02-11,Sevilla,Mallorca,2,0,H,2,0,H,15,6,6,0,9,14,8,2,5,2,0,0,1.91,3.2,4.5,2022-2023,LaLiga
SP1,2023-02-11,Almeria,Betis,2,3,A,1,2,A,16,12,9,7,12,10,8,2,2,3,0,0,2.8,3.4,2.5,2022-2023,LaLiga
SP1,2023-02-12,Getafe,Vallecano,1,1,D,0,1,A,13,19,4,4,21,19,5,6,4,4,1,0,2.8,2.9,2.88,2022-2023,LaLiga
SP1,2023-02-12,Celta,Ath Madrid,0,1,A,0,0,D,14,10,3,2,10,13,7,5,2,2,0,1,3.6,3.1,2.2,2022-2023,LaLiga
SP1,2023-02-12,Valladolid,Osasuna,0,0,D,0,0,D,18,15,5,4,13,16,10,4,1,3,0,0,2.75,3.1,2.7,2022-2023,LaLiga
SP1,2023-02-12,Villarreal,Barcelona,0,1,A,0,1,A,11,7,2,4,22,18,6,2,4,4,0,0,3.75,4.0,1.85,2022-2023,LaLiga
SP1,2023-02-13,Espanol,Sociedad,2,3,A,0,1,A,10,11,6,5,9,17,4,3,4,1,1,0,3.5,3.0,2.3,2022-2023,LaLiga
SP1,2023-02-15,Real Madrid,Elche,4,0,H,3,0,H,26,7,13,0,5,13,6,4,1,3,0,0,1.18,7.5,15.0,2022-2023,LaLiga
SP1,2023-02-17,Girona,Almeria,6,2,H,4,0,H,14,16,8,4,10,8,1,7,1,1,0,0,1.8,3.75,4.33,2022-2023,LaLiga
SP1,2023-02-18,Sociedad,Celta,1,1,D,1,0,H,9,18,3,4,14,12,3,7,3,5,0,1,1.8,3.3,5.25,2022-2023,LaLiga
SP1,2023-02-18,Betis,Valladolid,2,1,H,2,1,H,16,17,10,3,18,15,4,6,3,5,0,0,1.6,3.75,6.5,2022-2023,LaLiga
SP1,2023-02-18,Mallorca,Villarreal,4,2,H,2,1,H,13,8,5,4,19,8,4,4,5,0,0,1,3.2,3.0,2.45,2022-2023,LaLiga
SP1,2023-02-18,Osasuna,Real Madrid,0,2,A,0,0,D,11,11,4,6,17,7,5,5,3,2,0,0,4.33,3.6,1.8,2022-2023,LaLiga
SP1,2023-02-19,Barcelona,Cadiz,2,0,H,2,0,H,16,14,5,4,15,18,5,6,2,3,0,0,1.18,7.0,13.0,2022-2023,LaLiga
SP1,2023-02-19,Ath Madrid,Ath Bilbao,1,0,H,0,0,D,17,8,5,2,7,13,6,5,2,3,0,0,2.0,3.3,4.0,2022-2023,LaLiga
SP1,2023-02-19,Elche,Espanol,0,1,A,0,0,D,19,11,5,4,11,12,10,5,2,3,1,0,2.9,3.1,2.63,2022-2023,LaLiga
SP1,2023-02-19,Vallecano,Sevilla,1,1,D,0,1,A,18,7,5,2,15,6,7,3,4,1,0,0,2.5,3.1,3.0,2022-2023,LaLiga
SP1,2023-02-20,Getafe,Valencia,1,0,H,0,0,D,15,8,6,3,11,8,4,5,6,1,0,0,2.75,3.0,2.8,2022-2023,LaLiga
SP1,2023-02-24,Elche,Betis,2,3,A,2,0,H,4,21,2,9,16,9,3,3,4,1,2,0,3.5,3.3,2.1,2022-2023,LaLiga
SP1,2023-02-25,Espanol,Mallorca,2,1,H,1,1,D,9,15,3,4,15,18,0,4,2,2,0,0,2.5,2.9,3.2,2022-2023,LaLiga
SP1,2023-02-25,Cadiz,Vallecano,1,0,H,0,0,D,5,11,3,2,19,19,4,6,3,4,0,1,2.9,3.0,2.7,2022-2023,LaLiga
SP1,2023-02-25,Real Madrid,Ath Madrid,1,1,D,0,0,D,18,7,7,2,10,8,7,4,3,3,0,1,1.8,3.5,5.0,2022-2023,LaLiga
SP1,2023-02-25,Valencia,Sociedad,1,0,H,1,0,H,8,11,3,3,13,12,7,8,6,3,0,0,3.1,3.1,2.5,2022-2023,LaLiga
SP1,2023-02-26,Ath Bilbao,Girona,2,3,A,1,3,A,17,8,3,4,17,8,11,3,5,5,0,0,1.67,3.8,5.25,2022-2023,LaLiga
SP1,2023-02-26,Celta,Valladolid,3,0,H,2,0,H,18,6,4,3,6,5,5,4,1,3,0,1,1.7,3.75,5.25,2022-2023,LaLiga
SP1,2023-02-26,Almeria,Barcelona,1,0,H,1,0,H,7,14,4,1,13,11,4,7,3,3,0,0,7.0,4.75,1.44,2022-2023,LaLiga
SP1,2023-02-26,Sevilla,Osasuna,2,3,A,0,1,A,22,11,8,4,10,15,10,2,4,2,1,0,1.85,3.25,4.5,2022-2023,LaLiga
SP1,2023-02-27,Villarreal,Getafe,2,1,H,1,1,D,11,8,5,3,9,13,6,6,0,1,0,0,1.67,3.6,5.75,2022-2023,LaLiga
SP1,2023-03-03,Sociedad,Cadiz,0,0,D,0,0,D,15,6,3,2,18,18,4,0,0,1,0,0,1.5,3.9,7.5,2022-2023,LaLiga
SP1,2023-03-04,Ath Madrid,Sevilla,6,1,H,2,1,H,18,8,8,1,12,11,7,3,1,4,0,1,1.67,3.6,5.25,2022-2023,LaLiga
SP1,2023-03-04,Mallorca,Elche,0,1,A,0,0,D,14,15,3,6,17,14,6,7,3,3,0,0,1.7,3.4,5.75,2022-2023,LaLiga
SP1,2023-03-04,Getafe,Girona,3,2,H,3,0,H,10,9,6,7,24,11,3,3,5,4,0,0,2.75,3.0,2.8,2022-2023,LaLiga
SP1,2023-03-04,Almeria,Villarreal,0,2,A,0,0,D,6,16,0,6,11,10,2,10,2,4,0,0,3.5,3.6,2.05,2022-2023,LaLiga
SP1,2023-03-05,Valladolid,Espanol,2,1,H,1,0,H,15,12,5,2,4,11,9,6,3,2,0,0,2.5,3.2,2.88,2022-2023,LaLiga
SP1,2023-03-05,Barcelona,Valencia,1,0,H,1,0,H,13,13,4,1,11,13,5,2,0,0,1,0,1.53,4.5,5.75,2022-2023,LaLiga
SP1,2023-03-05,Vallecano,Ath Bilbao,0,0,D,0,0,D,18,16,2,3,9,17,7,9,1,0,0,1,2.9,3.1,2.6,2022-2023,LaLiga
SP1,2023-03-05,Betis,Real Madrid,0,0,D,0,0,D,8,15,4,5,12,13,5,3,3,4,0,0,4.75,3.75,1.73,2022-2023,LaLiga
SP1,2023-03-06,Osasuna,Celta,0,0,D,0,0,D,10,6,5,0,12,12,6,4,0,2,0,0,2.8,3.0,2.8,2022-2023,LaLiga
SP1,2023-03-10,Cadiz,Getafe,2,2,D,1,0,H,11,16,4,10,13,16,2,6,4,5,1,1,2.5,2.88,3.3,2022-2023,LaLiga
SP1,2023-03-11,Celta,Vallecano,3,0,H,0,0,D,15,12,6,3,13,12,3,7,2,3,0,0,2.1,3.2,4.0,2022-2023,LaLiga
SP1,2023-03-11,Valencia,Osasuna,1,0,H,0,0,D,8,7,4,0,8,19,12,3,2,5,0,0,2.1,3.2,3.8,2022-2023,LaLiga
SP1,2023-03-11,Real Madrid,Espanol,3,1,H,2,1,H,22,10,7,3,12,17,7,4,3,2,0,0,1.25,6.5,9.5,2022-2023,LaLiga
SP1,2023-03-11,Elche,Valladolid,1,1,D,0,1,A,24,5,10,1,19,11,10,3,4,6,0,2,2.7,3.3,2.7,2022-2023,LaLiga
SP1,2023-03-12,Villarreal,Betis,1,1,D,0,1,A,15,6,4,3,8,11,2,4,3,2,0,0,1.95,3.6,3.8,2022-2023,LaLiga
SP1,2023-03-12,Ath Bilbao,Barcelona,0,1,A,0,1,A,15,10,5,2,13,7,5,3,2,1,0,0,3.5,3.3,2.15,2022-2023,LaLiga
SP1,2023-03-12,Mallorca,Sociedad,1,1,D,0,1,A,8,8,2,2,19,20,3,2,2,2,0,1,3.5,2.9,2.38,2022-2023,LaLiga
SP1,2023-03-12,Sevilla,Almeria,2,1,H,1,1,D,27,13,5,5,8,11,6,4,4,4,0,0,1.73,3.6,5.25,2022-2023,LaLiga
SP1,2023-03-13,Girona,Ath Madrid,0,1,A,0,0,D,6,14,4,4,6,12,1,3,2,3,0,0,3.75,3.4,2.05,2022-2023,LaLiga
SP1,2023-03-17,Valladolid,Ath Bilbao,1,3,A,0,1,A,15,15,3,6,9,14,2,9,2,2,0,0,4.2,3.6,1.83,2022-2023,LaLiga
SP1,2023-03-18,Almeria,Cadiz,1,1,D,0,0,D,17,10,5,4,12,12,5,2,1,4,0,0,2.0,3.5,3.6,2022-2023,LaLiga
SP1,2023-03-18,Vallecano,Girona,2,2,D,2,1,H,15,12,3,4,15,16,3,5,2,2,0,0,2.0,3.4,3.8,2022-2023,LaLiga
SP1,2023-03-18,Espanol,Celta,1,3,A,0,2,A,11,8,3,4,11,12,4,1,2,2,0,0,2.75,3.25,2.55,2022-2023,LaLiga
SP1,2023-03-18,Ath Madrid,Valencia,3,0,H,1,0,H,14,9,6,1,12,9,4,2,2,0,0,0,1.55,4.2,5.75,2022-2023,LaLiga
SP1,2023-03-19,Betis,Mallorca,1,0,H,0,0,D,10,5,3,1,8,15,4,4,1,2,0,0,1.8,3.2,5.25,2022-2023,LaLiga
SP1,2023-03-19,Osasuna,Villarreal,0,3,A,0,1,A,10,12,2,6,15,7,7,1,3,2,0,0,3.0,3.1,2.45,2022-2023,LaLiga
SP1,2023-03-19,Sociedad,Elche,2,0,H,0,0,D,17,4,4,3,16,16,5,3,2,1,0,0,1.4,4.75,8.5,2022-2023,LaLiga
SP1,2023-03-19,Getafe,Sevilla,2,0,H,0,0,D,15,11,4,4,22,10,4,1,4,2,0,0,2.9,3.1,2.5,2022-2023,LaLiga
SP1,2023-03-19,Barcelona,Real Madrid,2,1,H,1,1,D,17,11,7,3,12,13,8,1,4,3,0,0,2.15,3.5,3.25,2022-2023,LaLiga
SP1,2023-03-31,Mallorca,Osasuna,0,0,D,0,0,D,10,11,1,2,19,17,2,3,7,3,1,0,2.2,2.9,3.9,2022-2023,LaLiga
SP1,2023-04-01,Elche,Barcelona,0,4,A,0,1,A,15,12,2,6,11,11,11,3,0,3,0,0,9.5,5.0,1.33,2022-2023,LaLiga
SP1,2023-04-01,Cadiz,Sevilla,0,2,A,0,0,D,14,11,3,5,9,14,8,4,3,4,0,0,3.4,3.1,2.3,2022-2023,LaLiga
SP1,2023-04-01,Ath Bilbao,Getafe,0,0,D,0,0,D,17,9,3,1,8,9,13,3,0,0,0,0,1.57,3.8,6.5,2022-2023,LaLiga
SP1,2023-04-01,Girona,Espanol,2,1,H,0,0,D,14,5,4,1,12,16,5,2,4,2,0,1,1.91,3.3,4.33,2022-2023,LaLiga
SP1,2023-04-02,Celta,Almeria,2,2,D,2,2,D,21,8,5,3,13,12,4,1,3,5,0,0,1.55,4.0,6.0,2022-2023,LaLiga
SP1,2023-04-02,Real Madrid,Valladolid,6,0,H,4,0,H,30,12,17,2,17,11,9,1,0,1,0,0,1.2,7.5,11.0,2022-2023,LaLiga
SP1,2023-04-02,Villarreal,Sociedad,2,0,H,0,0,D,16,16,4,3,12,19,4,4,5,3,1,0,2.4,3.1,3.2,2022-2023,LaLiga
SP1,2023-04-02,Ath Madrid,Betis,1,0,H,0,0,D,13,6,7,2,20,11,5,1,1,2,0,0,1.53,4.0,6.5,2022-2023,LaLiga
SP1,2023-04-03,Valencia,Vallecano,1,1,D,0,1,A,18,7,4,2,15,16,13,3,2,3,0,0,2.05,3.2,3.8,2022-2023,LaLiga
SP1,2023-04-07,Sevilla,Celta,2,2,D,1,0,H,7,9,2,4,11,9,8,3,6,2,2,0,2.1,3.4,3.5,2022-2023,LaLiga
SP1,2023-04-08,Real Madrid,Villarreal,2,3,A,1,1,D,18,17,4,8,8,19,6,7,0,3,0,0,1.53,4.33,5.75,2022-2023,LaLiga
SP1,2023-04-08,Osasuna,Elche,2,1,H,0,1,A,22,7,6,1,15,7,9,2,1,3,0,0,1.73,3.6,5.0,2022-2023,LaLiga
SP1,2023-04-08,Espanol,Ath Bilbao,1,2,A,0,1,A,9,12,2,7,14,18,8,7,6,4,1,0,3.5,3.2,2.2,2022-2023,LaLiga
SP1,2023-04-08,Sociedad,Getafe,2,0,H,1,0,H,11,6,6,4,11,9,3,2,2,1,0,0,1.7,3.3,6.0,2022-2023,LaLiga
SP1,2023-04-09,Vallecano,Ath Madrid,1,2,A,0,2,A,15,14,3,4,8,7,8,2,0,0,1,0,4.33,3.5,1.85,2022-2023,LaLiga
SP1,2023-04-09,Almeria,Valencia,2,1,H,0,0,D,10,11,4,4,11,11,3,7,3,2,0,0,3.0,3.3,2.4,2022-2023,LaLiga
SP1,2023-04-09,Valladolid,Mallorca,3,3,D,1,0,H,10,14,6,6,13,20,1,2,3,5,0,0,2.5,2.9,3.2,2022-2023,LaLiga
SP1,2023-04-09,Betis,Cadiz,0,2,A,0,0,D,9,15,3,4,18,16,5,6,3,3,2,0,1.62,3.75,5.75,2022-2023,LaLiga
SP1,2023-04-10,Barcelona,Girona,0,0,D,0,0,D,18,5,3,0,14,14,12,2,0,2,0,0,1.3,5.5,10.0,2022-2023,LaLiga
SP1,2023-04-14,Vallecano,Osasuna,2,1,H,2,0,H,12,8,3,4,18,16,2,3,2,3,0,0,2.2,3.1,3.6,2022-2023,LaLiga
SP1,2023-04-15,Villarreal,Valladolid,1,2,A,0,2,A,22,14,7,7,9,18,8,5,1,6,0,0,1.44,4.75,6.5,2022-2023,LaLiga
SP1,2023-04-15,Ath Bilbao,Sociedad,2,0,H,1,0,H,13,13,5,4,16,14,5,2,5,2,0,0,2.25,3.1,3.5,2022-2023,LaLiga
SP1,2023-04-15,Betis,Espanol,3,1,H,2,0,H,15,13,8,4,9,13,4,13,2,2,0,0,1.83,3.5,4.5,2022-2023,LaLiga
SP1,2023-04-15,Cadiz,Real Madrid,0,2,A,0,0,D,12,35,3,11,12,7,2,9,1,0,0,0,5.75,4.2,1.55,2022-2023,LaLiga
SP1,2023-04-16,Girona,Elche,2,0,H,1,0,H,14,13,4,5,9,14,3,4,3,3,0,1,1.53,4.33,6.0,2022-2023,LaLiga
SP1,2023-04-16,Getafe,Barcelona,0,0,D,0,0,D,5,15,1,3,13,12,1,5,2,1,0,0,6.0,3.8,1.6,2022-2023,LaLiga
SP1,2023-04-16,Ath Madrid,Almeria,2,1,H,2,1,H,19,2,7,0,7,8,9,2,3,3,0,0,1.22,7.0,11.0,2022-2023,LaLiga
SP1,2023-04-16,Valencia,Sevilla,0,2,A,0,0,D,13,6,3,3,10,17,6,2,1,4,1,0,2.2,3.2,3.6,2022-2023,LaLiga
SP1,2023-04-17,Celta,Mallorca,0,1,A,0,1,A,12,8,3,2,10,19,7,5,2,1,1,0,1.8,3.3,5.25,2022-2023,LaLiga
SP1,2023-04-21,Espanol,Cadiz,0,0,D,0,0,D,14,11,5,2,8,22,6,3,4,2,0,0,2.05,3.25,3.8,2022-2023,LaLiga
SP1,2023-04-22,Real Madrid,Celta,2,0,H,1,0,H,17,12,5,2,10,10,8,3,1,2,0,0,1.36,5.0,9.0,2022-2023,LaLiga
SP1,2023-04-22,Valladolid,Girona,1,0,H,1,0,H,15,12,6,6,14,9,5,7,1,1,0,0,2.5,3.4,2.8,2022-2023,LaLiga
SP1,2023-04-22,Almeria,Ath Bilbao,1,2,A,0,1,A,12,14,4,3,8,20,3,4,2,4,0,0,3.8,3.75,1.85,2022-2023,LaLiga
SP1,2023-04-22,Osasuna,Betis,3,2,H,3,1,H,10,21,5,6,20,13,5,13,2,0,0,0,2.55,3.2,2.88,2022-2023,LaLiga
SP1,2023-04-22,Sociedad,Vallecano,2,1,H,0,0,D,7,7,1,2,18,19,3,3,1,2,0,0,1.67,3.5,6.0,2022-2023,LaLiga
SP1,2023-04-23,Elche,Valencia,0,2,A,0,2,A,7,5,1,3,12,6,11,6,3,1,0,0,4.33,3.5,1.85,2022-2023,LaLiga
SP1,2023-04-23,Barcelona,Ath Madrid,1,0,H,1,0,H,13,13,4,3,15,16,3,3,4,7,0,0,1.95,3.3,4.2,2022-2023,LaLiga
SP1,2023-04-23,Mallorca,Getafe,3,1,H,0,1,A,8,3,4,1,15,18,2,2,2,3,0,0,2.3,2.88,3.75,2022-2023,LaLiga
SP1,2023-04-23,Sevilla,Villarreal,2,1,H,1,0,H,17,17,4,5,12,10,5,3,1,2,0,0,2.75,3.4,2.55,2022-2023,LaLiga
SP1,2023-04-25,Cadiz,Osasuna,0,1,A,0,0,D,20,6,4,4,8,15,11,2,0,1,0,1,2.3,3.1,3.4,2022-2023,LaLiga
SP1,2023-04-25,Girona,Real Madrid,4,2,H,2,1,H,13,18,5,3,7,6,3,8,1,2,0,0,5.25,4.33,1.57,2022-2023,LaLiga
SP1,2023-04-25,Betis,Sociedad,0,0,D,0,0,D,10,10,1,3,13,23,2,4,1,3,0,0,2.75,3.25,2.63,2022-2023,LaLiga
SP1,2023-04-26,Vallecano,Barcelona,2,1,H,1,0,H,9,10,6,5,10,14,3,9,1,4,0,0,4.75,3.75,1.73,2022-2023,LaLiga
SP1,2023-04-26,Ath Madrid,Mallorca,3,1,H,1,1,D,24,6,9,2,10,9,5,8,0,0,0,0,1.4,4.33,8.5,2022-2023,LaLiga
SP1,2023-04-26,Getafe,Almeria,1,2,A,0,1,A,21,23,9,11,15,9,4,6,2,2,1,0,1.91,3.3,4.5,2022-2023,LaLiga
SP1,2023-04-26,Celta,Elche,1,0,H,0,0,D,17,16,9,1,9,12,10,6,0,0,0,0,1.3,5.25,10.0,2022-2023,LaLiga
SP1,2023-04-27,Ath Bilbao,Sevilla,0,1,A,0,0,D,7,4,2,1,7,11,8,2,3,3,0,0,1.75,3.6,4.5,2022-2023,LaLiga
SP1,2023-04-27,Valencia,Valladolid,2,1,H,0,1,A,18,8,5,2,16,17,6,2,0,4,0,0,1.75,3.75,4.75,2022-2023,LaLiga
SP1,2023-04-27,Villarreal,Espanol,4,2,H,0,1,A,31,13,13,4,14,10,9,2,2,4,0,1,1.57,4.0,6.0,2022-2023,LaLiga
SP1,2023-04-28,Osasuna,Sociedad,0,2,A,0,1,A,13,12,1,8,12,15,4,2,3,1,0,0,3.75,3.0,2.2,2022-2023,LaLiga
SP1,2023-04-29,Elche,Vallecano,4,0,H,1,0,H,18,14,9,3,13,16,3,8,1,2,0,1,4.75,3.5,1.8,2022-2023,LaLiga
SP1,2023-04-29,Real Madrid,Almeria,4,2,H,3,1,H,15,9,12,3,12,16,7,0,2,2,0,0,1.14,8.5,15.0,2022-2023,LaLiga
SP1,2023-04-29,Barcelona,Betis,4,0,H,3,0,H,15,4,8,1,10,9,10,0,0,2,0,1,1.33,5.0,9.0,2022-2023,LaLiga
SP1,2023-04-30,Cadiz,Valencia,2,1,H,1,0,H,8,16,4,4,14,10,5,6,6,2,0,0,3.1,3.1,2.45,2022-2023,LaLiga
SP1,2023-04-30,Villarreal,Celta,3,1,H,2,1,H,9,14,3,5,12,11,4,9,1,4,0,0,1.8,3.6,4.5,2022-2023,LaLiga
SP1,2023-04-30,Espanol,Getafe,1,0,H,1,0,H,17,7,8,2,12,23,6,3,3,5,0,0,2.38,3.0,3.3,2022-2023,LaLiga
SP1,2023-04-30,Valladolid,Ath Madrid,2,5,A,1,3,A,19,9,6,6,14,8,9,1,2,1,0,0,5.5,3.8,1.65,2022-2023,LaLiga
SP1,2023-05-01,Mallorca,Ath Bilbao,1,1,D,0,0,D,9,16,2,6,17,9,5,7,4,2,0,0,3.6,3.0,2.25,2022-2023,LaLiga
SP1,2023-05-01,Sevilla,Girona,0,2,A,0,1,A,23,9,5,3,14,11,6,1,1,1,0,0,1.95,3.5,3.8,2022-2023,LaLiga
SP1,2023-05-02,Barcelona,Osasuna,1,0,H,0,0,D,21,7,4,2,7,10,11,0,0,0,0,1,1.14,7.5,19.0,2022-2023,LaLiga
SP1,2023-05-02,Sociedad,Real Madrid,2,0,H,0,0,D,9,10,4,5,17,9,2,6,1,5,0,1,2.55,3.4,2.8,2022-2023,LaLiga
SP1,2023-05-02,Almeria,Elche,2,1,H,1,0,H,10,14,4,1,8,9,7,13,2,2,0,0,1.62,4.33,5.0,2022-2023,LaLiga
SP1,2023-05-03,Valencia,Villarreal,1,1,D,0,0,D,8,11,1,4,14,13,6,6,4,2,0,0,2.75,3.3,2.55,2022-2023,LaLiga
SP1,2023-05-03,Ath Madrid,Cadiz,5,1,H,2,0,H,18,2,8,1,12,9,5,2,3,2,0,0,1.29,5.5,12.0,2022-2023,LaLiga
SP1,2023-05-03,Getafe,Celta,1,0,H,1,0,H,14,7,4,1,21,14,1,5,7,5,0,1,2.55,3.0,3.1,2022-2023,LaLiga
SP1,2023-05-04,Girona,Mallorca,2,1,H,1,0,H,17,8,7,2,9,13,9,5,4,0,0,0,2.1,3.2,3.75,2022-2023,LaLiga
SP1,2023-05-04,Sevilla,Espanol,3,2,H,1,2,A,18,7,6,3,15,11,9,0,1,2,0,0,1.83,3.6,4.2,2022-2023,LaLiga
SP1,2023-05-04,Ath Bilbao,Betis,0,1,A,0,1,A,21,12,6,2,13,7,13,2,1,3,1,0,1.7,4.0,4.75,2022-2023,LaLiga
SP1,2023-05-04,Vallecano,Valladolid,2,1,H,0,0,D,16,7,6,4,18,15,3,4,0,0,0,0,1.73,3.8,4.75,2022-2023,LaLiga
SP1,2023-05-12,Mallorca,Cadiz,1,0,H,1,0,H,8,14,3,4,16,14,3,7,5,3,0,0,2.15,2.9,4.0,2022-2023,LaLiga
SP1,2023-05-13,Sociedad,Girona,2,2,D,2,2,D,18,13,6,6,22,13,7,4,5,3,0,1,1.62,4.0,5.5,2022-2023,LaLiga
SP1,2023-05-13,Osasuna,Almeria,3,1,H,0,0,D,18,8,7,3,7,7,4,1,0,0,0,0,2.05,3.5,3.6,2022-2023,LaLiga
SP1,2023-05-13,Villarreal,Ath Bilbao,5,1,H,2,1,H,17,11,11,5,11,13,7,5,4,3,0,0,2.1,3.5,3.4,2022-2023,LaLiga
SP1,2023-05-13,Real Madrid,Getafe,1,0,H,0,0,D,16,9,3,2,5,23,1,3,1,4,0,0,1.55,4.0,6.5,2022-2023,LaLiga
SP1,2023-05-14,Espanol,Barcelona,2,4,A,0,3,A,15,15,7,5,12,9,4,3,1,3,0,0,5.25,4.0,1.65,2022-2023,LaLiga
SP1,2023-05-14,Valladolid,Sevilla,0,3,A,0,0,D,28,17,6,5,9,16,8,3,2,1,0,0,2.25,3.5,3.1,2022-2023,LaLiga
SP1,2023-05-14,Elche,Ath Madrid,1,0,H,1,0,H,15,13,4,4,16,3,3,5,2,0,0,0,8.0,5.0,1.36,2022-2023,LaLiga
SP1,2023-05-14,Celta,Valencia,1,2,A,0,1,A,10,12,6,5,13,19,5,4,3,5,0,1,2.2,3.3,3.4,2022-2023,LaLiga
SP1,2023-05-15,Betis,Vallecano,3,1,H,2,0,H,11,16,5,4,11,9,6,5,3,2,0,1,1.91,3.5,4.0,2022-2023,LaLiga
SP1,2023-05-19,Cadiz,Valladolid,2,0,H,0,0,D,11,6,4,2,18,18,4,3,4,4,0,1,2.2,3.4,3.3,2022-2023,LaLiga
SP1,2023-05-20,Girona,Villarreal,1,2,A,1,1,D,9,10,3,5,16,11,3,1,2,1,0,0,2.8,3.75,2.3,2022-2023,LaLiga
SP1,2023-05-20,Ath Bilbao,Celta,2,1,H,1,0,H,10,8,3,3,17,12,8,5,4,1,0,0,1.62,3.8,5.5,2022-2023,LaLiga
SP1,2023-05-20,Almeria,Mallorca,3,0,H,2,0,H,12,7,3,3,11,15,4,6,1,2,0,0,2.25,3.25,3.3,2022-2023,LaLiga
SP1,2023-05-20,Getafe,Elche,1,1,D,1,1,D,9,13,5,4,19,11,5,6,3,1,0,0,1.5,4.0,7.0,2022-2023,LaLiga
SP1,2023-05-20,Barcelona,Sociedad,1,2,A,0,1,A,13,13,4,6,8,16,8,2,4,4,0,0,1.8,3.75,4.33,2022-2023,LaLiga
SP1,2023-05-21,Vallecano,Espanol,1,2,A,1,1,D,15,10,5,6,8,11,4,4,2,2,0,0,2.15,3.4,3.4,2022-2023,LaLiga
SP1,2023-05-21,Ath Madrid,Osasuna,3,0,H,1,0,H,15,12,5,2,6,11,8,10,0,2,0,0,1.36,4.75,8.0,2022-2023,LaLiga
SP1,2023-05-21,Valencia,Real Madrid,1,0,H,1,0,H,12,13,6,5,13,4,2,9,4,2,0,1,3.2,3.5,2.2,2022-2023,LaLiga
SP1,2023-05-21,Sevilla,Betis,0,0,D,0,0,D,10,5,4,0,14,11,4,3,2,2,0,1,2.3,3.3,3.1,2022-2023,LaLiga
SP1,2023-05-23,Valladolid,Barcelona,3,1,H,2,0,H,8,16,4,6,13,9,2,6,1,0,0,0,3.6,3.8,1.91,2022-2023,LaLiga
SP1,2023-05-23,Sociedad,Almeria,1,0,H,1,0,H,15,2,2,2,20,8,10,2,0,1,0,1,1.36,5.0,8.0,2022-2023,LaLiga
SP1,2023-05-23,Celta,Girona,1,1,D,1,0,H,16,11,7,4,13,13,9,3,0,0,0,0,2.0,3.5,3.75,2022-2023,LaLiga
SP1,2023-05-24,Elche,Sevilla,1,1,D,1,1,D,20,9,7,3,12,10,9,5,1,4,0,1,4.0,3.75,1.91,2022-2023,LaLiga
SP1,2023-05-24,Real Madrid,Vallecano,2,1,H,1,0,H,12,15,3,6,11,14,5,2,1,3,0,0,1.62,4.0,5.25,2022-2023,LaLiga
SP1,2023-05-24,Villarreal,Cadiz,2,0,H,2,0,H,13,16,7,8,14,8,7,6,1,2,0,0,1.44,4.5,7.0,2022-2023,LaLiga
SP1,2023-05-24,Betis,Getafe,0,1,A,0,0,D,11,9,4,2,8,12,2,5,2,5,1,0,2.0,3.2,4.2,2022-2023,LaLiga
SP1,2023-05-24,Espanol,Ath Madrid,3,3,D,0,2,A,26,16,13,7,6,9,16,1,2,3,0,0,2.88,3.5,2.38,2022-2023,LaLiga
SP1,2023-05-25,Mallorca,Valencia,1,0,H,0,0,D,4,15,3,5,15,12,2,4,4,2,0,0,3.3,3.0,2.4,2022-2023,LaLiga
SP1,2023-05-25,Osasuna,Ath Bilbao,2,0,H,0,0,D,9,10,3,5,17,13,3,6,3,3,0,0,3.0,3.25,2.45,2022-2023,LaLiga
SP1,2023-05-27,Sevilla,Real Madrid,1,2,A,1,1,D,11,6,1,3,23,10,1,1,2,4,1,0,2.88,3.5,2.4,2022-2023,LaLiga
SP1,2023-05-28,Vallecano,Villarreal,2,1,H,0,0,D,15,7,4,2,9,9,4,6,3,5,0,0,3.0,3.6,2.2,2022-2023,LaLiga
SP1,2023-05-28,Valencia,Espanol,2,2,D,1,1,D,19,9,4,5,12,12,10,3,0,4,0,0,2.0,3.75,3.4,2022-2023,LaLiga
SP1,2023-05-28,Girona,Betis,1,2,A,1,0,H,9,18,3,7,14,12,8,5,0,1,0,0,1.95,3.6,3.6,2022-2023,LaLiga
SP1,2023-05-28,Getafe,Osasuna,2,1,H,1,1,D,16,10,6,2,11,6,1,1,3,1,0,0,2.2,3.1,3.5,2022-2023,LaLiga
SP1,2023-05-28,Barcelona,Mallorca,3,0,H,2,0,H,28,3,9,1,4,9,14,3,0,0,0,1,1.33,5.0,9.5,2022-2023,LaLiga
SP1,2023-05-28,Cadiz,Celta,1,0,H,0,0,D,13,9,3,4,16,10,3,3,9,5,0,0,2.6,3.1,2.75,2022-2023,LaLiga
SP1,2023-05-28,Ath Madrid,Sociedad,2,1,H,1,0,H,11,10,5,5,8,10,6,4,2,2,0,0,2.0,3.5,3.6,2022-2023,LaLiga
SP1,2023-05-28,Ath Bilbao,Elche,0,1,A,0,0,D,27,6,8,2,7,10,19,3,1,1,0,0,1.3,5.0,11.0,2022-2023,LaLiga
SP1,2023-05-28,Almeria,Valladolid,0,0,D,0,0,D,23,8,7,2,11,16,2,4,0,4,0,0,2.25,3.4,3.1,2022-2023,LaLiga
SP1,2023-06-04,Espanol,Almeria,3,3,D,1,1,D,12,11,8,4,11,12,7,6,2,3,0,0,2.75,3.8,2.38,2022-2023,LaLiga
SP1,2023-06-04,Elche,Cadiz,1,1,D,0,1,A,12,14,5,3,18,8,7,4,4,3,0,0,2.63,3.4,2.63,2022-2023,LaLiga
SP1,2023-06-04,Celta,Barcelona,2,1,H,1,0,H,12,9,9,2,13,9,2,4,2,2,0,0,2.6,3.8,2.5,2022-2023,LaLiga
SP1,2023-06-04,Betis,Valencia,1,1,D,1,0,H,8,10,3,3,11,11,5,4,3,0,0,1,2.63,3.6,2.5,2022-2023,LaLiga
SP1,2023-06-04,Valladolid,Getafe,0,0,D,0,0,D,15,4,0,1,9,25,6,1,1,3,0,0,2.2,3.3,3.4,2022-2023,LaLiga
SP1,2023-06-04,Sociedad,Sevilla,2,1,H,1,0,H,17,9,6,4,10,13,5,2,0,1,0,0,1.73,3.9,4.6,2022-2023,LaLiga
SP1,2023-06-04,Real Madrid,Ath Bilbao,1,1,D,0,0,D,9,15,2,9,11,14,5,6,2,2,0,0,1.91,3.75,3.75,2022-2023,LaLiga
SP1,2023-06-04,Osasuna,Girona,2,1,H,0,0,D,14,11,7,6,12,9,5,2,1,5,0,0,2.05,3.6,3.4,2022-2023,LaLiga
SP1,2023-06-04,Mallorca,Vallecano,3,0,H,0,0,D,8,20,4,4,14,15,2,6,0,0,0,0,3.0,3.3,2.38,2022-2023,LaLiga
SP1,2023-06-04,Villarreal,Ath Madrid,2,2,D,1,1,D,22,9,7,3,9,12,12,1,3,2,0,1,2.7,3.5,2.5,2022-2023,LaLiga
SP1,2023-08-11,Almeria,Vallecano,0,2,A,0,2,A,19,10,5,4,16,25,8,3,1,3,0,0,2.45,3.3,2.9,2023-2024,LaLiga
SP1,2023-08-11,Sevilla,Valencia,1,2,A,0,0,D,9,10,3,3,15,17,8,1,3,2,1,0,1.91,3.5,4.2,2023-2024,LaLiga
SP1,2023-08-12,Las Palmas,Mallorca,1,1,D,1,0,H,5,12,2,2,11,21,3,6,3,2,0,0,2.4,3.0,3.3,2023-2024,LaLiga
SP1,2023-08-12,Ath Bilbao,Real Madrid,0,2,A,0,2,A,7,14,1,8,18,6,7,5,3,1,0,0,3.3,3.5,2.15,2023-2024,LaLiga
SP1,2023-08-12,Sociedad,Girona,1,1,D,1,0,H,15,6,2,1,22,9,4,1,2,5,0,0,1.62,4.0,5.25,2023-2024,LaLiga
SP1,2023-08-13,Celta,Osasuna,0,2,A,0,1,A,11,11,1,5,11,15,7,2,1,1,0,0,2.05,3.2,3.9,2023-2024,LaLiga
SP1,2023-08-13,Villarreal,Betis,1,2,A,0,1,A,18,12,5,5,13,17,9,4,1,3,0,0,1.75,4.0,4.2,2023-2024,LaLiga
SP1,2023-08-13,Getafe,Barcelona,0,0,D,0,0,D,5,14,2,4,20,11,3,4,8,2,1,1,6.5,3.8,1.57,2023-2024,LaLiga
SP1,2023-08-14,Cadiz,Alaves,1,0,H,1,0,H,12,10,3,2,19,15,2,4,3,2,1,0,2.2,3.0,3.75,2023-2024,LaLiga
SP1,2023-08-14,Ath Madrid,Granada,3,1,H,1,0,H,14,7,6,4,15,9,3,3,3,1,0,0,1.3,5.5,9.5,2023-2024,LaLiga
SP1,2023-08-18,Mallorca,Villarreal,0,1,A,0,0,D,8,15,1,3,12,11,6,5,2,4,0,0,2.8,3.2,2.6,2023-2024,LaLiga
SP1,2023-08-18,Valencia,Las Palmas,1,0,H,0,0,D,9,7,4,1,12,6,6,4,0,0,0,0,1.57,3.9,6.0,2023-2024,LaLiga
SP1,2023-08-19,Osasuna,Ath Bilbao,0,2,A,0,2,A,18,8,7,2,9,14,5,3,1,5,1,1,2.9,3.0,2.63,2023-2024,LaLiga
SP1,2023-08-19,Almeria,Real Madrid,1,3,A,1,1,D,20,24,8,9,10,13,4,5,1,0,0,0,8.0,4.75,1.4,2023-2024,LaLiga
SP1,2023-08-19,Sociedad,Celta,1,1,D,1,0,H,11,17,2,6,12,12,9,7,2,1,0,0,1.73,3.4,5.5,2023-2024,LaLiga
SP1,2023-08-20,Girona,Getafe,3,0,H,1,0,H,7,9,6,2,11,20,3,2,2,5,0,0,2.05,3.1,4.0,2023-2024,LaLiga
SP1,2023-08-20,Barcelona,Cadiz,2,0,H,0,0,D,23,10,10,1,9,22,10,2,4,3,0,0,1.2,7.0,13.0,2023-2024,LaLiga
SP1,2023-08-20,Betis,Ath Madrid,0,0,D,0,0,D,14,5,0,1,10,8,2,7,2,1,0,0,3.8,3.4,2.0,2023-2024,LaLiga
SP1,2023-08-21,Alaves,Sevilla,4,3,H,2,2,D,14,12,7,2,14,13,4,4,1,2,0,0,3.3,3.1,2.35,2023-2024,LaLiga
SP1,2023-08-21,Granada,Vallecano,0,2,A,0,0,D,14,17,7,9,14,11,5,6,2,1,1,0,2.75,3.0,2.8,2023-2024,LaLiga
SP1,2023-08-25,Las Palmas,Sociedad,0,0,D,0,0,D,11,8,5,1,7,29,5,7,1,4,0,0,4.33,3.1,2.0,2023-2024,LaLiga
SP1,2023-08-25,Celta,Real Madrid,0,1,A,0,0,D,13,10,4,3,19,14,3,5,2,3,0,0,4.75,3.9,1.7,2023-2024,LaLiga
SP1,2023-08-26,Cadiz,Almeria,1,1,D,0,0,D,11,5,3,2,16,22,7,3,0,5,1,1,2.25,3.2,3.3,2023-2024,LaLiga
SP1,2023-08-26,Granada,Mallorca,3,2,H,1,1,D,10,10,4,5,11,27,5,3,2,7,0,0,2.6,3.0,3.0,2023-2024,LaLiga
SP1,2023-08-26,Sevilla,Girona,1,2,A,1,1,D,21,8,4,3,11,18,6,6,2,1,0,0,2.05,3.4,3.6,2023-2024,LaLiga
SP1,2023-08-27,Ath Bilbao,Betis,4,2,H,3,2,H,14,7,6,3,23,11,5,3,4,2,0,0,1.85,3.5,4.2,2023-2024,LaLiga
SP1,2023-08-27,Valencia,Osasuna,1,2,A,0,1,A,16,7,4,2,13,12,6,3,3,4,0,0,1.91,3.4,4.0,2023-2024,LaLiga
SP1,2023-08-27,Villarreal,Barcelona,3,4,A,2,2,D,13,21,6,11,12,14,2,6,3,3,0,0,3.6,3.5,2.0,2023-2024,LaLiga
SP1,2023-08-28,Getafe,Alaves,1,0,H,0,0,D,15,16,4,2,13,15,4,5,1,2,0,0,2.2,2.88,3.8,2023-2024,LaLiga
SP1,2023-08-28,Vallecano,Ath Madrid,0,7,A,0,3,A,12,17,3,10,19,17,8,3,4,3,0,0,4.2,3.3,1.95,2023-2024,LaLiga
SP1,2023-09-01,Cadiz,Villarreal,3,1,H,2,1,H,18,7,4,3,21,15,7,3,5,4,0,1,3.4,3.4,2.15,2023-2024,LaLiga
SP1,2023-09-01,Almeria,Celta,2,3,A,0,2,A,16,14,5,8,9,9,6,5,1,1,0,0,2.8,3.4,2.5,2023-2024,LaLiga
SP1,2023-09-02,Sociedad,Granada,5,3,H,2,1,H,15,8,6,5,15,14,2,5,1,5,0,0,1.44,4.5,7.0,2023-2024,LaLiga
SP1,2023-09-02,Real Madrid,Getafe,2,1,H,0,1,A,26,6,12,2,12,16,11,1,2,6,0,0,1.33,5.25,9.5,2023-2024,LaLiga
SP1,2023-09-02,Alaves,Valencia,1,0,H,1,0,H,7,9,1,4,18,9,1,2,4,2,0,0,2.9,2.88,2.75,2023-2024,LaLiga
SP1,2023-09-02,Betis,Vallecano,1,0,H,0,0,D,14,15,5,6,22,20,2,3,3,5,0,0,1.95,3.4,4.0,2023-2024,LaLiga
SP1,2023-09-03,Girona,Las Palmas,1,0,H,0,0,D,11,10,6,5,15,10,3,5,3,3,0,0,1.67,3.8,5.25,2023-2024,LaLiga
SP1,2023-09-03,Mallorca,Ath Bilbao,0,0,D,0,0,D,8,11,2,3,12,17,3,5,0,1,0,0,3.3,3.0,2.38,2023-2024,LaLiga
SP1,2023-09-03,Osasuna,Barcelona,1,2,A,0,1,A,11,9,3,4,6,16,8,5,1,3,1,0,5.25,4.0,1.65,2023-2024,LaLiga
SP1,2023-09-15,Vallecano,Alaves,2,0,H,1,0,H,20,9,11,1,15,14,5,3,2,3,0,0,2.0,3.25,4.0,2023-2024,LaLiga
SP1,2023-09-16,Celta,Mallorca,0,1,A,0,0,D,16,7,4,4,9,15,10,1,1,3,0,0,2.0,3.1,4.33,2023-2024,LaLiga
SP1,2023-09-16,Barcelona,Betis,5,0,H,2,0,H,17,11,9,2,9,10,9,5,1,2,0,0,1.36,5.25,7.5,2023-2024,LaLiga
SP1,2023-09-16,Ath Bilbao,Cadiz,3,0,H,0,0,D,20,5,9,4,10,20,5,4,1,4,0,0,1.53,4.0,7.0,2023-2024,LaLiga
SP1,2023-09-16,Valencia,Ath Madrid,3,0,H,2,0,H,12,11,8,3,13,17,5,8,1,5,0,0,3.8,3.3,2.05,2023-2024,LaLiga
SP1,2023-09-17,Sevilla,Las Palmas,1,0,H,0,0,D,26,12,9,2,13,12,7,3,3,5,0,0,1.62,4.0,5.5,2023-2024,LaLiga
SP1,2023-09-17,Real Madrid,Sociedad,2,1,H,0,1,A,17,15,8,5,11,14,4,3,3,2,0,0,1.65,4.0,5.0,2023-2024,LaLiga
SP1,2023-09-17,Getafe,Osasuna,3,2,H,1,1,D,11,8,6,3,15,11,6,3,6,2,0,0,2.63,3.0,3.0,2023-2024,LaLiga
SP1,2023-09-17,Villarreal,Almeria,2,1,H,1,1,D,10,17,4,7,16,6,7,6,2,3,0,0,1.44,4.5,7.0,2023-2024,LaLiga
SP1,2023-09-18,Granada,Girona,2,4,A,0,3,A,12,13,5,7,13,21,4,5,3,3,0,0,2.63,3.5,2.6,2023-2024,LaLiga
SP1,2023-09-22,Alaves,Ath Bilbao,0,2,A,0,1,A,15,11,5,3,13,9,3,4,2,2,0,0,4.2,3.0,2.05,2023-2024,LaLiga
SP1,2023-09-23,Girona,Mallorca,5,3,H,4,1,H,23,15,10,5,10,12,6,5,1,5,0,0,1.85,3.5,4.2,2023-2024,LaLiga
SP1,2023-09-23,Osasuna,Sevilla,0,0,D,0,0,D,16,15,2,3,11,7,7,4,2,3,0,0,2.6,3.1,2.88,2023-2024,LaLiga
SP1,2023-09-23,Barcelona,Celta,3,2,H,0,1,A,15,13,6,7,10,11,2,3,2,1,0,0,1.29,6.0,9.0,2023-2024,LaLiga
SP1,2023-09-23,Almeria,Valencia,2,2,D,0,1,A,17,7,10,5,12,10,8,3,4,2,0,0,3.0,3.6,2.3,2023-2024,LaLiga
SP1,2023-09-24,Sociedad,Getafe,4,3,H,1,2,A,10,10,6,7,13,24,2,1,3,2,0,0,1.53,3.8,7.0,2023-2024,LaLiga
SP1,2023-09-24,Vallecano,Villarreal,1,1,D,1,1,D,11,13,6,6,20,18,2,8,2,3,0,1,2.5,3.5,2.63,2023-2024,LaLiga
SP1,2023-09-24,Betis,Cadiz,1,1,D,0,1,A,21,5,7,1,10,14,11,8,2,3,0,0,1.8,3.5,4.5,2023-2024,LaLiga
SP1,2023-09-24,Las Palmas,Granada,1,0,H,0,0,D,10,2,3,1,13,19,6,7,6,4,1,0,1.95,3.5,3.6,2023-2024,LaLiga
SP1,2023-09-24,Ath Madrid,Real Madrid,3,1,H,2,1,H,10,20,4,5,13,10,6,11,1,3,0,0,2.7,3.4,2.55,2023-2024,LaLiga
SP1,2023-09-26,Sevilla,Almeria,5,1,H,3,0,H,18,10,9,1,15,16,9,4,3,2,0,0,1.67,3.8,5.0,2023-2024,LaLiga
SP1,2023-09-26,Mallorca,Barcelona,2,2,D,2,1,H,10,10,5,4,19,7,7,2,4,1,1,0,7.5,4.2,1.5,2023-2024,LaLiga
SP1,2023-09-27,Valencia,Sociedad,0,1,A,0,1,A,9,2,2,1,14,17,0,2,4,7,1,0,2.63,3.1,2.8,2023-2024,LaLiga
SP1,2023-09-27,Cadiz,Vallecano,0,0,D,0,0,D,9,9,2,4,16,13,1,2,5,6,0,1,2.5,3.2,2.88,2023-2024,LaLiga
SP1,2023-09-27,Ath Bilbao,Getafe,2,2,D,1,0,H,9,13,4,5,9,19,5,4,5,6,1,0,1.62,3.6,6.5,2023-2024,LaLiga
SP1,2023-09-27,Real Madrid,Las Palmas,2,0,H,1,0,H,21,16,9,2,7,9,7,2,0,1,0,0,1.2,7.0,11.0,2023-2024,LaLiga
SP1,2023-09-27,Villarreal,Girona,1,2,A,0,0,D,14,17,3,5,9,11,5,6,3,2,0,0,2.25,3.5,3.1,2023-2024,LaLiga
SP1,2023-09-28,Celta,Alaves,1,1,D,1,0,H,8,21,0,11,9,11,2,8,5,3,1,0,1.7,3.6,5.25,2023-2024,LaLiga
SP1,2023-09-28,Granada,Betis,1,1,D,0,0,D,19,13,7,3,14,10,5,7,2,1,0,0,3.0,3.3,2.38,2023-2024,LaLiga
SP1,2023-09-28,Osasuna,Ath Madrid,0,2,A,0,1,A,13,4,2,3,14,4,7,2,3,3,1,1,3.4,3.4,2.15,2023-2024,LaLiga
SP1,2023-09-29,Barcelona,Sevilla,1,0,H,0,0,D,18,12,5,3,11,15,13,3,2,3,0,0,1.36,5.25,8.0,2023-2024,LaLiga
SP1,2023-09-30,Sociedad,Ath Bilbao,3,0,H,1,0,H,8,18,5,3,20,9,5,7,2,2,0,0,2.2,3.2,3.5,2023-2024,LaLiga
SP1,2023-09-30,Getafe,Villarreal,0,0,D,0,0,D,22,3,9,0,19,11,6,4,2,4,0,1,2.9,3.1,2.6,2023-2024,LaLiga
SP1,2023-09-30,Vallecano,Mallorca,2,2,D,1,1,D,19,9,5,4,12,20,5,0,2,5,0,0,2.1,3.1,4.0,2023-2024,LaLiga
SP1,2023-09-30,Girona,Real Madrid,0,3,A,0,2,A,13,14,3,7,13,14,1,4,2,2,0,1,3.5,4.0,1.95,2023-2024,LaLiga
SP1,2023-10-01,Betis,Valencia,3,0,H,1,0,H,15,9,7,2,11,10,5,3,2,2,0,0,2.3,3.25,3.3,2023-2024,LaLiga
SP1,2023-10-01,Ath Madrid,Cadiz,3,2,H,1,2,A,18,8,9,4,5,10,5,3,1,3,0,0,1.33,5.0,10.0,2023-2024,LaLiga
SP1,2023-10-01,Almeria,Granada,3,3,D,3,0,H,17,19,5,4,18,14,1,5,2,1,0,0,1.95,3.6,3.75,2023-2024,LaLiga
SP1,2023-10-01,Alaves,Osasuna,0,2,A,0,1,A,17,10,3,3,13,13,4,2,2,3,1,0,2.75,3.0,2.8,2023-2024,LaLiga
SP1,2023-10-02,Las Palmas,Celta,2,1,H,0,0,D,16,11,5,3,13,14,4,5,2,1,0,0,2.5,3.2,3.0,2023-2024,LaLiga
SP1,2023-10-06,Ath Bilbao,Almeria,3,0,H,1,0,H,23,4,9,1,11,7,6,2,2,0,0,0,1.36,5.0,8.0,2023-2024,LaLiga
SP1,2023-10-07,Cadiz,Girona,0,1,A,0,0,D,8,20,2,5,12,13,5,5,1,3,1,0,3.25,3.4,2.25,2023-2024,LaLiga
SP1,2023-10-07,Real Madrid,Osasuna,4,0,H,1,0,H,19,7,9,1,9,6,5,4,2,2,0,0,1.29,6.0,9.5,2023-2024,LaLiga
SP1,2023-10-07,Mallorca,Valencia,1,1,D,1,1,D,9,11,5,3,17,11,3,6,2,1,0,0,2.5,3.0,3.2,2023-2024,LaLiga
SP1,2023-10-07,Sevilla,Vallecano,2,2,D,0,2,A,22,7,6,4,16,19,12,2,5,2,0,0,1.85,3.6,4.2,2023-2024,LaLiga
SP1,2023-10-08,Granada,Barcelona,2,2,D,2,1,H,7,22,2,10,12,7,1,11,4,1,0,0,6.5,5.25,1.4,2023-2024,LaLiga
SP1,2023-10-08,Villarreal,Las Palmas,1,2,A,0,1,A,9,8,4,5,17,7,7,2,4,4,0,0,1.6,4.0,5.75,2023-2024,LaLiga
SP1,2023-10-08,Ath Madrid,Sociedad,2,1,H,1,0,H,14,13,5,4,9,12,1,4,3,3,0,0,1.83,3.4,4.5,2023-2024,LaLiga
SP1,2023-10-08,Alaves,Betis,1,1,D,1,1,D,15,6,5,2,13,9,5,3,3,3,0,1,2.8,3.25,2.6,2023-2024,LaLiga
SP1,2023-10-08,Celta,Getafe,2,2,D,2,2,D,26,3,11,2,14,20,13,1,1,8,0,1,2.05,3.1,4.2,2023-2024,LaLiga
SP1,2023-10-20,Osasuna,Granada,2,0,H,1,0,H,12,13,6,3,19,13,1,7,3,4,0,1,1.73,3.8,4.75,2023-2024,LaLiga
SP1,2023-10-21,Celta,Ath Madrid,0,3,A,0,1,A,16,12,3,7,10,10,7,5,3,2,1,0,3.5,3.5,2.1,2023-2024,LaLiga
SP1,2023-10-21,Sevilla,Real Madrid,1,1,D,0,0,D,17,14,7,5,13,6,4,6,5,2,0,0,4.2,3.6,1.85,2023-2024,LaLiga
SP1,2023-10-21,Sociedad,Mallorca,1,0,H,0,0,D,14,18,6,7,14,16,2,5,3,3,0,0,1.55,3.8,7.0,2023-2024,LaLiga
SP1,2023-10-21,Getafe,Betis,1,1,D,1,1,D,14,13,4,3,17,11,4,8,5,2,0,0,2.5,3.0,3.1,2023-2024,LaLiga
SP1,2023-10-22,Las Palmas,Vallecano,0,1,A,0,0,D,12,12,6,4,13,11,10,5,4,3,0,1,2.63,3.1,2.8,2023-2024,LaLiga
SP1,2023-10-22,Girona,Almeria,5,2,H,3,2,H,19,9,8,5,11,14,9,6,1,2,0,0,1.45,4.5,7.0,2023-2024,LaLiga
SP1,2023-10-22,Villarreal,Alaves,1,1,D,0,0,D,12,16,3,7,15,10,9,3,4,3,0,0,1.7,3.75,5.0,2023-2024,LaLiga
SP1,2023-10-22,Barcelona,Ath Bilbao,1,0,H,0,0,D,12,10,7,3,11,18,4,7,3,3,0,0,1.62,4.0,5.5,2023-2024,LaLiga
SP1,2023-10-23,Valencia,Cadiz,2,0,H,2,0,H,12,5,4,4,16,16,4,6,0,3,0,1,1.75,3.6,5.0,2023-2024,LaLiga
SP1,2023-10-27,Girona,Celta,1,0,H,0,0,D,12,4,2,2,15,12,10,1,3,2,0,0,1.7,4.2,4.5,2023-2024,LaLiga
SP1,2023-10-28,Mallorca,Getafe,0,0,D,0,0,D,15,8,4,0,10,25,8,3,0,1,0,0,2.25,3.0,3.5,2023-2024,LaLiga
SP1,2023-10-28,Cadiz,Sevilla,2,2,D,2,1,H,10,20,5,10,17,12,2,4,6,4,0,0,3.3,3.25,2.25,2023-2024,LaLiga
SP1,2023-10-28,Almeria,Las Palmas,1,2,A,0,1,A,10,10,4,3,13,19,3,2,3,1,0,0,2.25,3.5,3.1,2023-2024,LaLiga
SP1,2023-10-28,Barcelona,Real Madrid,1,2,A,1,0,H,15,13,3,4,15,15,6,3,2,1,0,0,2.55,3.6,2.6,2023-2024,LaLiga
SP1,2023-10-29,Ath Madrid,Alaves,2,1,H,2,0,H,11,8,7,1,10,11,4,4,3,2,0,0,1.4,4.75,8.5,2023-2024,LaLiga
SP1,2023-10-29,Ath Bilbao,Valencia,2,2,D,1,0,H,12,11,7,5,11,10,10,4,3,1,0,0,1.62,3.8,5.75,2023-2024,LaLiga
SP1,2023-10-29,Vallecano,Sociedad,2,2,D,1,1,D,16,15,7,3,17,16,4,5,3,2,0,0,3.1,3.2,2.38,2023-2024,LaLiga
SP1,2023-10-29,Betis,Osasuna,2,1,H,1,0,H,9,7,2,1,10,25,6,3,3,4,0,0,2.05,3.5,3.6,2023-2024,LaLiga
SP1,2023-10-30,Granada,Villarreal,2,3,A,2,3,A,18,6,8,5,14,15,4,1,0,4,0,0,3.1,3.5,2.25,2023-2024,LaLiga
SP1,2023-11-03,Las Palmas,Ath Madrid,2,1,H,0,0,D,9,13,3,5,12,9,3,4,0,3,0,0,5.75,3.6,1.65,2023-2024,LaLiga
SP1,2023-11-04,Osasuna,Girona,2,4,A,1,1,D,15,11,3,4,14,10,2,7,5,3,0,0,2.9,3.4,2.4,2023-2024,LaLiga
SP1,2023-11-04,Betis,Mallorca,2,0,H,1,0,H,22,8,3,1,13,16,6,1,1,4,0,1,1.91,3.3,4.5,2023-2024,LaLiga
SP1,2023-11-04,Celta,Sevilla,1,1,D,1,0,H,15,13,3,5,14,10,4,6,2,5,1,0,2.6,3.4,2.7,2023-2024,LaLiga
SP1,2023-11-04,Sociedad,Barcelona,0,1,A,0,0,D,13,12,6,4,16,8,8,3,3,3,0,0,3.1,3.5,2.25,2023-2024,LaLiga
SP1,2023-11-05,Alaves,Almeria,1,0,H,0,0,D,23,9,3,3,13,14,12,6,2,3,0,0,1.75,3.75,4.75,2023-2024,LaLiga
SP1,2023-11-05,Valencia,Granada,1,0,H,1,0,H,11,6,2,1,20,15,0,4,3,5,0,0,1.65,4.0,5.0,2023-2024,LaLiga
SP1,2023-11-05,Villarreal,Ath Bilbao,2,3,A,0,3,A,17,17,6,7,11,18,9,3,4,4,0,0,2.8,3.6,2.4,2023-2024,LaLiga
SP1,2023-11-05,Real Madrid,Vallecano,0,0,D,0,0,D,22,4,5,0,12,15,11,1,3,5,0,0,1.29,5.5,12.0,2023-2024,LaLiga
SP1,2023-11-06,Getafe,Cadiz,1,0,H,0,0,D,13,6,3,2,18,12,6,3,7,1,1,0,1.91,3.1,4.75,2023-2024,LaLiga
SP1,2023-11-10,Ath Bilbao,Celta,4,3,H,2,2,D,21,13,12,5,15,13,7,2,2,2,0,0,1.67,3.8,5.0,2023-2024,LaLiga
SP1,2023-11-11,Vallecano,Girona,1,2,A,1,1,D,22,19,9,7,15,13,8,3,1,2,0,0,2.88,3.5,2.4,2023-2024,LaLiga
SP1,2023-11-11,Almeria,Sociedad,1,3,A,0,0,D,7,18,2,6,18,19,5,5,2,2,0,0,4.75,3.8,1.73,2023-2024,LaLiga
SP1,2023-11-11,Granada,Getafe,1,1,D,1,1,D,12,10,6,6,14,9,3,5,4,2,0,0,2.5,3.1,3.0,2023-2024,LaLiga
SP1,2023-11-11,Osasuna,Las Palmas,1,1,D,0,0,D,11,6,3,1,25,10,8,3,1,1,0,0,1.95,3.4,4.0,2023-2024,LaLiga
SP1,2023-11-11,Real Madrid,Valencia,5,1,H,2,0,H,16,10,7,4,7,26,4,4,1,3,0,0,1.33,5.5,8.5,2023-2024,LaLiga
SP1,2023-11-12,Barcelona,Alaves,2,1,H,0,1,A,11,8,6,1,11,10,2,1,2,1,0,0,1.25,6.0,11.0,2023-2024,LaLiga
SP1,2023-11-12,Sevilla,Betis,1,1,D,0,0,D,13,14,4,6,18,14,9,5,1,1,0,0,2.05,3.5,3.6,2023-2024,LaLiga
SP1,2023-11-12,Ath Madrid,Villarreal,3,1,H,1,1,D,25,11,10,7,8,8,6,3,0,2,0,0,1.36,5.5,7.5,2023-2024,LaLiga
SP1,2023-11-24,Alaves,Granada,3,1,H,2,0,H,8,11,5,4,10,13,6,2,1,3,0,0,1.7,3.6,5.0,2023-2024,LaLiga
SP1,2023-11-25,Vallecano,Barcelona,1,1,D,1,0,H,10,15,4,4,23,13,1,4,3,4,0,0,5.25,4.0,1.65,2023-2024,LaLiga
SP1,2023-11-25,Valencia,Celta,0,0,D,0,0,D,8,13,0,1,13,7,5,7,3,2,0,0,2.2,3.25,3.5,2023-2024,LaLiga
SP1,2023-11-25,Getafe,Almeria,2,1,H,2,1,H,18,13,5,4,12,8,3,6,2,4,0,0,1.65,3.75,5.5,2023-2024,LaLiga
SP1,2023-11-25,Ath Madrid,Mallorca,1,0,H,0,0,D,20,8,3,1,8,19,7,3,0,0,0,0,1.33,5.0,9.5,2023-2024,LaLiga
SP1,2023-11-26,Betis,Las Palmas,1,0,H,1,0,H,12,15,6,4,7,12,7,6,1,2,0,0,1.7,3.75,5.25,2023-2024,LaLiga
SP1,2023-11-26,Cadiz,Real Madrid,0,3,A,0,1,A,13,14,4,5,16,16,4,4,3,3,0,0,6.0,4.5,1.5,2023-2024,LaLiga
SP1,2023-11-26,Villarreal,Osasuna,3,1,H,0,0,D,10,15,3,7,9,14,2,4,0,0,0,0,2.15,3.5,3.3,2023-2024,LaLiga
SP1,2023-11-26,Sociedad,Sevilla,2,1,H,2,0,H,11,8,8,2,22,8,4,4,2,1,0,2,1.75,3.6,4.75,2023-2024,LaLiga
SP1,2023-11-27,Girona,Ath Bilbao,1,1,D,0,0,D,12,13,2,6,8,16,2,6,1,1,0,0,2.25,3.5,3.1,2023-2024,LaLiga
SP1,2023-11-29,Mallorca,Cadiz,1,1,D,1,1,D,16,6,3,3,14,18,7,0,2,3,0,0,1.95,3.2,4.33,2023-2024,LaLiga
SP1,2023-12-01,Las Palmas,Getafe,2,0,H,1,0,H,11,12,6,4,11,9,4,4,0,5,0,1,2.38,2.9,3.4,2023-2024,LaLiga
SP1,2023-12-02,Osasuna,Sociedad,1,1,D,1,1,D,9,17,3,5,12,10,1,8,3,3,0,0,3.4,3.25,2.2,2023-2024,LaLiga
SP1,2023-12-02,Girona,Valencia,2,1,H,0,0,D,9,9,5,3,6,7,3,2,2,3,0,0,1.7,4.0,4.75,2023-2024,LaLiga
SP1,2023-12-02,Ath Bilbao,Vallecano,4,0,H,1,0,H,9,11,4,3,15,11,7,2,1,2,0,0,1.57,4.2,5.75,2023-2024,LaLiga
SP1,2023-12-02,Real Madrid,Granada,2,0,H,1,0,H,11,1,4,0,10,12,6,0,2,1,0,0,1.17,8.0,15.0,2023-2024,LaLiga
SP1,2023-12-03,Mallorca,Alaves,0,0,D,0,0,D,7,7,3,4,16,15,5,4,4,2,0,0,2.45,3.0,3.25,2023-2024,LaLiga
SP1,2023-12-03,Almeria,Betis,0,0,D,0,0,D,20,6,8,2,12,8,4,6,0,3,0,1,3.2,3.6,2.2,2023-2024,LaLiga
SP1,2023-12-03,Sevilla,Villarreal,1,1,D,0,0,D,18,5,4,4,6,16,8,4,3,2,0,0,2.0,3.6,3.6,2023-2024,LaLiga
SP1,2023-12-03,Barcelona,Ath Madrid,1,0,H,1,0,H,13,9,2,4,17,12,7,2,5,4,0,0,2.0,3.75,3.5,2023-2024,LaLiga
SP1,2023-12-04,Celta,Cadiz,1,1,D,0,1,A,26,2,7,1,14,18,12,1,1,6,0,1,1.57,3.8,6.5,2023-2024,LaLiga
SP1,2023-12-08,Getafe,Valencia,1,0,H,0,0,D,8,3,6,0,15,14,7,0,2,4,1,2,2.6,2.9,3.1,2023-2024,LaLiga
SP1,2023-12-09,Mallorca,Sevilla,1,0,H,1,0,H,6,19,3,5,15,6,4,12,2,2,0,0,2.75,3.1,2.75,2023-2024,LaLiga
SP1,2023-12-09,Villarreal,Sociedad,0,3,A,0,3,A,20,16,4,5,10,22,5,3,2,1,0,0,3.4,3.4,2.1,2023-2024,LaLiga
SP1,2023-12-09,Alaves,Las Palmas,0,1,A,0,1,A,19,9,5,2,13,13,12,3,3,4,0,0,2.1,3.0,4.2,2023-2024,LaLiga
SP1,2023-12-09,Betis,Real Madrid,1,1,D,0,0,D,14,12,6,2,14,7,8,6,2,1,0,0,4.2,3.8,1.8,2023-2024,LaLiga
SP1,2023-12-10,Ath Madrid,Almeria,2,1,H,2,0,H,13,19,4,5,13,11,3,15,1,0,0,0,1.22,6.5,12.0,2023-2024,LaLiga
SP1,2023-12-10,Cadiz,Osasuna,1,1,D,1,0,H,12,13,5,5,15,16,2,4,1,2,0,0,2.9,3.1,2.55,2023-2024,LaLiga
SP1,2023-12-10,Barcelona,Girona,2,4,A,1,2,A,31,15,11,7,7,10,8,3,1,2,0,0,1.53,5.0,5.5,2023-2024,LaLiga
SP1,2023-12-11,Granada,Ath Bilbao,1,1,D,0,1,A,7,19,4,4,9,11,1,8,0,2,0,0,5.0,4.0,1.67,2023-2024,LaLiga
SP1,2023-12-11,Vallecano,Celta,0,0,D,0,0,D,17,4,4,2,15,10,8,1,3,0,0,0,2.45,3.1,3.1,2023-2024,LaLiga
SP1,2023-12-15,Osasuna,Vallecano,1,0,H,0,0,D,10,9,4,3,20,13,9,1,2,3,0,0,2.2,3.2,3.5,2023-2024,LaLiga
SP1,2023-12-16,Sevilla,Getafe,0,3,A,0,2,A,12,14,4,7,18,18,4,2,3,3,0,0,1.95,3.4,4.2,2023-2024,LaLiga
SP1,2023-12-16,Celta,Granada,1,0,H,1,0,H,11,7,4,2,20,18,7,1,6,2,1,0,1.67,4.0,5.0,2023-2024,LaLiga
SP1,2023-12-16,Ath Bilbao,Ath Madrid,2,0,H,0,0,D,16,7,7,3,7,10,3,7,0,1,0,0,2.45,3.3,2.9,2023-2024,LaLiga
SP1,2023-12-16,Valencia,Barcelona,1,1,D,0,0,D,11,16,4,8,9,11,4,6,1,2,0,0,5.0,3.8,1.67,2023-2024,LaLiga
SP1,2023-12-17,Las Palmas,Cadiz,1,1,D,1,0,H,7,13,2,5,9,12,4,6,1,3,0,0,1.91,3.3,4.33,2023-2024,LaLiga
SP1,2023-12-17,Real Madrid,Villarreal,4,1,H,2,0,H,22,3,9,1,14,12,11,0,2,3,0,0,1.29,6.0,9.0,2023-2024,LaLiga
SP1,2023-12-17,Sociedad,Betis,0,0,D,0,0,D,12,12,4,3,12,12,3,7,3,4,0,0,1.7,4.0,5.0,2023-2024,LaLiga
SP1,2023-12-17,Almeria,Mallorca,0,0,D,0,0,D,7,20,1,2,12,9,4,4,2,1,0,0,2.7,3.2,2.7,2023-2024,LaLiga
SP1,2023-12-18,Girona,Alaves,3,0,H,2,0,H,9,12,4,2,9,7,3,2,0,1,0,0,1.53,4.0,6.5,2023-2024,LaLiga
SP1,2023-12-19,Vallecano,Valencia,0,1,A,0,0,D,7,8,1,3,16,18,8,1,1,5,0,1,2.2,3.2,3.5,2023-2024,LaLiga
SP1,2023-12-19,Ath Madrid,Getafe,3,3,D,1,0,H,8,29,4,9,7,14,1,12,3,3,1,0,1.45,4.33,7.5,2023-2024,LaLiga
SP1,2023-12-19,Granada,Sevilla,0,3,A,0,2,A,12,12,3,5,10,18,6,4,2,1,0,0,2.8,3.4,2.5,2023-2024,LaLiga
SP1,2023-12-20,Barcelona,Almeria,3,2,H,1,1,D,30,10,11,5,16,9,12,0,3,3,0,0,1.14,8.5,15.0,2023-2024,LaLiga
SP1,2023-12-20,Ath Bilbao,Las Palmas,1,0,H,0,0,D,19,5,10,1,12,11,5,2,1,3,0,0,1.36,5.0,7.0,2023-2024,LaLiga
SP1,2023-12-20,Villarreal,Celta,3,2,H,2,0,H,12,15,8,5,16,15,4,7,2,4,0,0,2.4,3.6,2.88,2023-2024,LaLiga
SP1,2023-12-21,Betis,Girona,1,1,D,0,1,A,21,12,4,4,6,9,7,6,2,2,0,0,2.8,3.5,2.38,2023-2024,LaLiga
SP1,2023-12-21,Cadiz,Sociedad,0,0,D,0,0,D,10,8,2,1,16,15,7,5,3,1,0,0,4.75,3.1,1.75,2023-2024,LaLiga
SP1,2023-12-21,Alaves,Real Madrid,0,1,A,0,0,D,8,9,2,4,18,13,3,3,3,1,0,1,5.75,4.0,1.53,2023-2024,LaLiga
SP1,2023-12-21,Mallorca,Osasuna,3,2,H,1,1,D,15,12,8,7,11,12,6,0,3,1,0,0,2.3,2.9,3.3,2023-2024,LaLiga
SP1,2023-12-23,Ath Madrid,Sevilla,1,0,H,0,0,D,12,8,4,2,12,19,6,5,7,3,1,0,1.53,4.33,5.75,2023-2024,LaLiga
SP1,2024-01-02,Valencia,Villarreal,3,1,H,2,0,H,11,8,8,4,12,15,4,3,2,5,0,0,2.05,3.5,3.6,2023-2024,LaLiga
SP1,2024-01-02,Getafe,Vallecano,0,2,A,0,1,A,5,12,0,8,16,16,2,3,6,3,2,0,2.38,3.0,3.3,2023-2024,LaLiga
SP1,2024-01-02,Sociedad,Alaves,1,1,D,0,0,D,16,7,6,2,9,17,6,4,4,4,1,0,1.6,3.75,6.5,2023-2024,LaLiga
SP1,2024-01-03,Granada,Cadiz,2,0,H,1,0,H,15,15,8,2,17,16,5,6,3,4,0,1,2.25,3.1,3.5,2023-2024,LaLiga
SP1,2024-01-03,Celta,Betis,2,1,H,1,1,D,19,14,6,3,10,12,8,7,0,2,0,0,2.4,3.3,3.0,2023-2024,LaLiga
SP1,2024-01-03,Real Madrid,Mallorca,1,0,H,0,0,D,17,7,5,0,5,15,5,4,2,3,0,0,1.2,6.5,15.0,2023-2024,LaLiga
SP1,2024-01-03,Girona,Ath Madrid,4,3,H,3,2,H,17,18,9,12,8,10,7,8,0,1,0,0,2.55,3.6,2.63,2023-2024,LaLiga
SP1,2024-01-04,Osasuna,Almeria,1,0,H,1,0,H,14,4,2,0,14,5,5,4,1,2,0,0,1.7,4.0,4.75,2023-2024,LaLiga
SP1,2024-01-04,Sevilla,Ath Bilbao,0,2,A,0,1,A,11,15,2,6,9,19,5,4,3,1,0,0,3.0,3.3,2.38,2023-2024,LaLiga
SP1,2024-01-04,Las Palmas,Barcelona,1,2,A,1,0,H,12,15,3,5,14,5,5,10,5,2,1,0,5.5,4.33,1.57,2023-2024,LaLiga
SP1,2024-01-12,Sevilla,Alaves,2,3,A,0,2,A,19,16,4,8,12,13,5,4,4,3,0,0,1.91,3.4,4.2,2023-2024,LaLiga
SP1,2024-01-13,Ath Bilbao,Sociedad,2,1,H,2,0,H,10,9,3,1,16,21,5,5,1,4,0,0,2.0,3.4,3.8,2023-2024,LaLiga
SP1,2024-01-13,Las Palmas,Villarreal,3,0,H,1,0,H,8,17,3,3,13,11,4,6,4,3,0,0,2.5,3.3,2.8,2023-2024,LaLiga
SP1,2024-01-13,Mallorca,Celta,1,1,D,1,1,D,17,6,6,2,18,18,10,1,4,1,0,0,2.5,3.1,3.0,2023-2024,LaLiga
SP1,2024-01-13,Betis,Granada,1,0,H,0,0,D,25,6,6,2,11,17,13,1,3,4,0,0,1.62,4.2,4.75,2023-2024,LaLiga
SP1,2024-01-14,Cadiz,Valencia,1,4,A,1,1,D,10,9,2,5,15,15,3,1,4,2,0,0,2.88,3.0,2.7,2023-2024,LaLiga
SP1,2024-01-14,Almeria,Girona,0,0,D,0,0,D,20,5,3,1,13,8,4,3,4,4,0,1,4.5,4.0,1.7,2023-2024,LaLiga
SP1,2024-01-19,Alaves,Cadiz,1,0,H,0,0,D,13,9,3,1,15,18,4,4,0,4,0,0,1.7,3.5,5.75,2023-2024,LaLiga
SP1,2024-01-20,Vallecano,Las Palmas,0,2,A,0,1,A,16,10,3,5,19,8,12,0,3,1,1,0,1.85,3.3,4.5,2023-2024,LaLiga
SP1,2024-01-20,Villarreal,Mallorca,1,1,D,1,0,H,18,8,5,2,13,11,4,6,2,2,1,0,2.05,3.5,3.6,2023-2024,LaLiga
SP1,2024-01-20,Valencia,Ath Bilbao,1,0,H,0,0,D,6,6,1,3,11,14,4,2,0,3,0,0,3.3,3.3,2.25,2023-2024,LaLiga
SP1,2024-01-20,Celta,Sociedad,0,1,A,0,1,A,6,6,2,2,12,18,6,3,1,2,0,0,3.25,3.0,2.4,2023-2024,LaLiga
SP1,2024-01-21,Osasuna,Getafe,3,2,H,2,0,H,13,10,7,7,14,16,1,4,4,4,0,0,2.15,3.0,4.0,2023-2024,LaLiga
SP1,2024-01-21,Real Madrid,Almeria,3,2,H,0,2,A,18,10,6,2,9,17,6,3,3,5,0,0,1.13,10.0,17.0,2023-2024,LaLiga
SP1,2024-01-21,Betis,Barcelona,2,4,A,0,1,A,14,11,5,4,12,9,3,4,1,2,0,0,4.33,3.8,1.8,2023-2024,LaLiga
SP1,2024-01-21,Girona,Sevilla,5,1,H,3,1,H,12,9,8,3,9,11,4,5,0,2,0,0,1.73,4.0,4.5,2023-2024,LaLiga
SP1,2024-01-22,Granada,Ath Madrid,0,1,A,0,0,D,17,10,2,5,11,16,6,2,2,2,1,0,4.75,3.8,1.7,2023-2024,LaLiga
SP1,2024-01-26,Almeria,Alaves,0,3,A,0,1,A,19,11,7,3,17,12,11,3,1,2,0,0,2.6,3.2,2.8,2023-2024,LaLiga
SP1,2024-01-27,Mallorca,Betis,0,1,A,0,1,A,14,8,1,2,14,6,5,4,2,1,0,0,2.3,3.2,3.2,2023-2024,LaLiga
SP1,2024-01-27,Barcelona,Villarreal,3,5,A,0,1,A,22,9,10,6,8,13,10,0,3,4,0,0,1.36,5.5,8.0,2023-2024,LaLiga
SP1,2024-01-27,Sociedad,Vallecano,0,0,D,0,0,D,6,5,3,0,16,14,2,2,2,4,0,0,1.67,3.75,5.5,2023-2024,LaLiga
SP1,2024-01-27,Las Palmas,Real Madrid,1,2,A,0,0,D,7,13,2,5,17,14,1,6,3,3,0,0,6.5,4.75,1.45,2023-2024,LaLiga
SP1,2024-01-28,Celta,Girona,0,1,A,0,1,A,10,15,5,6,13,11,5,7,1,1,0,0,2.8,3.4,2.5,2023-2024,LaLiga
SP1,2024-01-28,Cadiz,Ath Bilbao,0,0,D,0,0,D,9,8,2,0,13,14,6,8,4,2,0,0,5.5,3.4,1.73,2023-2024,LaLiga
SP1,2024-01-28,Sevilla,Osasuna,1,1,D,1,0,H,10,11,5,4,19,13,2,4,3,0,1,0,2.0,3.4,3.75,2023-2024,LaLiga
SP1,2024-01-28,Ath Madrid,Valencia,2,0,H,1,0,H,12,10,8,3,9,9,3,6,2,0,0,0,1.45,4.33,7.0,2023-2024,LaLiga
SP1,2024-01-29,Getafe,Granada,2,0,H,2,0,H,7,16,4,3,17,11,4,3,2,1,0,0,1.8,3.4,4.75,2023-2024,LaLiga
SP1,2024-01-31,Barcelona,Osasuna,1,0,H,0,0,D,16,9,4,1,9,12,6,6,1,2,0,1,1.33,5.0,10.0,2023-2024,LaLiga
SP1,2024-01-31,Ath Madrid,Vallecano,2,1,H,1,1,D,8,10,3,2,11,13,5,6,0,3,0,0,1.5,4.2,6.5,2023-2024,LaLiga
SP1,2024-02-01,Getafe,Real Madrid,0,2,A,0,1,A,10,16,2,9,16,5,2,6,1,2,0,0,6.0,4.2,1.55,2023-2024,LaLiga
SP1,2024-02-02,Ath Bilbao,Mallorca,4,0,H,2,0,H,13,6,6,2,17,15,6,2,0,1,0,0,1.53,3.9,7.0,2023-2024,LaLiga
SP1,2024-02-03,Alaves,Barcelona,1,3,A,0,1,A,13,8,2,5,15,10,14,5,2,2,0,1,4.33,3.6,1.85,2023-2024,LaLiga
SP1,2024-02-03,Valencia,Almeria,2,1,H,2,0,H,7,15,2,5,17,16,0,6,4,5,0,0,1.65,3.75,5.5,2023-2024,LaLiga
SP1,2024-02-03,Granada,Las Palmas,1,1,D,1,0,H,3,16,1,6,6,16,2,9,4,3,1,1,2.3,3.2,3.3,2023-2024,LaLiga
SP1,2024-02-03,Girona,Sociedad,0,0,D,0,0,D,11,11,3,2,8,19,3,4,2,3,0,0,2.1,3.4,3.5,2023-2024,LaLiga
SP1,2024-02-04,Real Madrid,Ath Madrid,1,1,D,1,0,H,17,10,4,5,6,15,2,8,0,5,0,0,1.73,4.0,4.5,2023-2024,LaLiga
SP1,2024-02-04,Osasuna,Celta,0,3,A,0,2,A,18,6,1,5,10,10,9,1,2,0,0,0,2.38,3.1,3.3,2023-2024,LaLiga
SP1,2024-02-04,Villarreal,Cadiz,0,0,D,0,0,D,19,8,4,2,14,14,13,2,3,1,0,0,1.62,4.0,5.5,2023-2024,LaLiga
SP1,2024-02-04,Betis,Getafe,1,1,D,1,1,D,9,11,3,2,9,19,3,5,7,4,0,0,1.91,3.4,4.2,2023-2024,LaLiga
SP1,2024-02-05,Vallecano,Sevilla,1,2,A,1,2,A,22,10,5,6,8,10,6,0,2,2,0,0,2.15,3.3,3.5,2023-2024,LaLiga
SP1,2024-02-09,Cadiz,Betis,0,2,A,0,1,A,14,13,5,5,12,10,5,3,1,1,0,0,3.0,3.0,2.6,2023-2024,LaLiga
SP1,2024-02-10,Alaves,Villarreal,1,1,D,1,1,D,17,12,4,4,7,11,10,9,0,2,0,0,2.2,3.4,3.3,2023-2024,LaLiga
SP1,2024-02-10,Sociedad,Osasuna,0,1,A,0,0,D,21,9,3,2,11,11,7,4,0,0,0,0,1.85,3.2,5.0,2023-2024,LaLiga
SP1,2024-02-10,Real Madrid,Girona,4,0,H,2,0,H,16,5,6,0,9,12,0,2,1,2,0,0,1.45,5.0,6.0,2023-2024,LaLiga
SP1,2024-02-10,Las Palmas,Valencia,2,0,H,0,0,D,8,7,3,1,9,9,5,0,2,0,0,0,2.75,3.0,2.9,2023-2024,LaLiga
SP1,2024-02-11,Getafe,Celta,3,2,H,2,0,H,11,9,4,4,16,13,0,4,1,2,0,0,2.2,3.1,3.6,2023-2024,LaLiga
SP1,2024-02-11,Mallorca,Vallecano,2,1,H,0,0,D,8,11,5,4,17,11,5,1,4,0,0,0,2.3,3.0,3.4,2023-2024,LaLiga
SP1,2024-02-11,Sevilla,Ath Madrid,1,0,H,1,0,H,10,16,6,5,8,5,2,7,2,1,0,0,3.5,3.5,2.05,2023-2024,LaLiga
SP1,2024-02-11,Barcelona,Granada,3,3,D,1,1,D,11,11,6,5,13,9,6,2,1,2,0,0,1.22,7.5,10.0,2023-2024,LaLiga
SP1,2024-02-12,Almeria,Ath Bilbao,0,0,D,0,0,D,10,12,4,4,17,15,4,10,4,1,1,0,4.33,4.0,1.73,2023-2024,LaLiga
SP1,2024-02-16,Villarreal,Getafe,1,1,D,0,1,A,20,11,7,2,13,13,8,3,0,1,0,0,1.95,3.5,3.8,2023-2024,LaLiga
SP1,2024-02-17,Valencia,Sevilla,0,0,D,0,0,D,14,1,4,1,5,8,7,2,0,1,0,0,2.25,3.3,3.3,2023-2024,LaLiga
SP1,2024-02-17,Celta,Barcelona,1,2,A,0,1,A,13,14,4,4,11,13,2,5,2,4,0,0,3.8,3.8,1.85,2023-2024,LaLiga
SP1,2024-02-17,Ath Madrid,Las Palmas,5,0,H,2,0,H,13,11,7,2,19,9,3,5,2,2,0,0,1.5,4.75,6.5,2023-2024,LaLiga
SP1,2024-02-17,Osasuna,Cadiz,2,0,H,0,0,D,11,5,4,1,20,12,5,4,4,2,0,0,1.75,3.3,5.5,2023-2024,LaLiga
SP1,2024-02-18,Vallecano,Real Madrid,1,1,D,1,1,D,8,11,3,4,17,7,4,10,4,3,0,1,6.0,3.75,1.62,2023-2024,LaLiga
SP1,2024-02-18,Granada,Almeria,1,1,D,0,1,A,19,13,7,3,13,22,10,4,2,3,0,0,2.1,3.5,3.4,2023-2024,LaLiga
SP1,2024-02-18,Mallorca,Sociedad,1,2,A,1,1,D,4,19,1,5,12,18,3,9,7,5,1,0,3.4,2.8,2.5,2023-2024,LaLiga
SP1,2024-02-18,Betis,Alaves,0,0,D,0,0,D,13,13,2,4,13,9,6,8,5,2,0,0,2.1,3.3,3.75,2023-2024,LaLiga
SP1,2024-02-19,Ath Bilbao,Girona,3,2,H,1,0,H,14,12,7,6,16,13,3,4,1,2,0,0,1.91,3.6,4.0,2023-2024,LaLiga
SP1,2024-02-23,Sociedad,Villarreal,1,3,A,0,1,A,21,6,8,4,15,14,13,2,3,4,0,0,1.73,3.6,5.0,2023-2024,LaLiga
SP1,2024-02-24,Barcelona,Getafe,4,0,H,1,0,H,17,10,9,4,12,18,5,8,1,4,0,0,1.4,5.0,7.0,2023-2024,LaLiga
SP1,2024-02-24,Alaves,Mallorca,1,1,D,0,0,D,9,15,1,8,7,15,3,3,0,2,0,0,1.91,3.0,5.0,2023-2024,LaLiga
SP1,2024-02-24,Almeria,Ath Madrid,2,2,D,1,1,D,9,18,4,9,13,12,2,7,1,1,0,0,4.75,4.0,1.7,2023-2024,LaLiga
SP1,2024-02-25,Real Madrid,Sevilla,1,0,H,0,0,D,16,4,6,1,10,13,7,2,1,3,0,0,1.29,6.0,9.0,2023-2024,LaLiga
SP1,2024-02-25,Betis,Ath Bilbao,3,1,H,2,1,H,13,3,5,1,14,12,5,3,1,6,0,1,3.6,3.1,2.2,2023-2024,LaLiga
SP1,2024-02-25,Cadiz,Celta,2,2,D,0,1,A,19,7,6,3,13,20,9,1,2,3,0,0,3.1,3.0,2.5,2023-2024,LaLiga
SP1,2024-02-25,Las Palmas,Osasuna,1,1,D,0,0,D,9,6,3,2,6,15,6,7,2,1,0,0,2.38,2.9,3.5,2023-2024,LaLiga
SP1,2024-02-26,Girona,Vallecano,3,0,H,0,0,D,14,7,8,1,13,16,2,2,3,5,0,1,1.65,4.2,4.75,2023-2024,LaLiga
SP1,2024-03-01,Celta,Almeria,1,0,H,0,0,D,15,3,6,0,8,14,7,0,1,2,0,1,1.85,3.6,4.2,2023-2024,LaLiga
SP1,2024-03-02,Sevilla,Sociedad,3,2,H,2,1,H,12,13,5,4,12,15,2,5,1,2,0,0,2.6,3.0,3.0,2023-2024,LaLiga
SP1,2024-03-02,Vallecano,Cadiz,1,1,D,0,0,D,9,16,5,5,14,17,4,9,1,1,0,0,1.8,3.3,5.25,2023-2024,LaLiga
SP1,2024-03-02,Getafe,Las Palmas,3,3,D,3,1,H,16,14,5,5,28,9,4,4,4,1,0,0,2.0,3.1,4.33,2023-2024,LaLiga
SP1,2024-03-02,Valencia,Real Madrid,2,2,D,2,1,H,12,10,5,5,18,11,2,2,2,3,0,1,5.25,3.8,1.67,2023-2024,LaLiga
SP1,2024-03-03,Ath Bilbao,Barcelona,0,0,D,0,0,D,8,8,2,2,14,11,4,4,3,3,0,0,2.88,3.5,2.4,2023-2024,LaLiga
SP1,2024-03-03,Villarreal,Granada,5,1,H,3,0,H,16,9,10,3,12,15,6,4,1,2,0,0,1.65,4.0,5.0,2023-2024,LaLiga
SP1,2024-03-03,Ath Madrid,Betis,2,1,H,2,0,H,17,12,12,6,9,12,4,6,1,2,0,0,1.57,4.2,5.75,2023-2024,LaLiga
SP1,2024-03-03,Mallorca,Girona,1,0,H,1,0,H,16,15,2,4,19,9,8,5,5,0,0,0,3.25,3.2,2.3,2023-2024,LaLiga
SP1,2024-03-04,Osasuna,Alaves,1,0,H,0,0,D,15,10,4,4,15,11,5,5,2,1,0,0,2.38,3.1,3.25,2023-2024,LaLiga
SP1,2024-03-08,Barcelona,Mallorca,1,0,H,0,0,D,20,9,6,3,9,14,4,1,1,1,0,0,1.44,4.75,6.5,2023-2024,LaLiga
SP1,2024-03-09,Valencia,Getafe,1,0,H,1,0,H,10,15,3,5,10,19,5,5,2,3,0,0,2.0,3.2,4.2,2023-2024,LaLiga
SP1,2024-03-09,Cadiz,Ath Madrid,2,0,H,1,0,H,7,8,3,4,20,15,3,1,4,5,0,0,4.75,3.6,1.73,2023-2024,LaLiga
SP1,2024-03-09,Granada,Sociedad,2,3,A,2,1,H,13,11,6,8,17,11,4,6,1,2,0,0,4.5,3.3,1.85,2023-2024,LaLiga
SP1,2024-03-09,Girona,Osasuna,2,0,H,1,0,H,11,7,6,1,10,16,5,7,3,3,0,0,1.62,4.2,5.25,2023-2024,LaLiga
SP1,2024-03-10,Alaves,Vallecano,1,0,H,1,0,H,12,9,4,3,13,10,7,5,2,2,0,0,2.15,3.1,3.75,2023-2024,LaLiga
SP1,2024-03-10,Las Palmas,Ath Bilbao,0,2,A,0,1,A,14,7,2,2,8,14,10,3,3,3,0,0,4.0,3.3,2.0,2023-2024,LaLiga
SP1,2024-03-10,Real Madrid,Celta,4,0,H,1,0,H,24,11,13,1,8,13,12,1,2,3,0,0,1.3,6.0,8.0,2023-2024,LaLiga
SP1,2024-03-10,Betis,Villarreal,2,3,A,2,1,H,13,6,4,4,12,17,11,4,3,4,1,1,2.05,3.5,3.4,2023-2024,LaLiga
SP1,2024-03-11,Almeria,Sevilla,2,2,D,1,0,H,14,19,4,6,6,11,1,8,2,2,0,0,3.1,3.3,2.38,2023-2024,LaLiga
SP1,2024-03-15,Sociedad,Cadiz,2,0,H,1,0,H,14,13,6,2,15,6,8,2,3,1,0,0,1.5,4.0,8.5,2023-2024,LaLiga
SP1,2024-03-16,Osasuna,Real Madrid,2,4,A,1,2,A,9,17,4,9,18,9,5,7,3,2,0,0,5.75,4.2,1.55,2023-2024,LaLiga
SP1,2024-03-16,Getafe,Girona,1,0,H,1,0,H,11,13,3,3,16,13,2,5,4,4,0,0,3.1,3.5,2.25,2023-2024,LaLiga
SP1,2024-03-16,Mallorca,Granada,1,0,H,0,0,D,18,8,8,3,17,9,10,2,2,0,0,0,1.83,3.3,5.0,2023-2024,LaLiga
SP1,2024-03-16,Ath Bilbao,Alaves,2,0,H,2,0,H,16,7,4,3,7,13,5,4,1,3,0,0,1.55,3.75,7.0,2023-2024,LaLiga
SP1,2024-03-17,Ath Madrid,Barcelona,0,3,A,0,1,A,12,9,3,5,15,9,7,3,3,1,1,0,2.38,3.6,2.8,2023-2024,LaLiga
SP1,2024-03-17,Vallecano,Betis,2,0,H,1,0,H,8,11,4,1,22,16,4,8,4,4,0,0,2.5,3.25,3.0,2023-2024,LaLiga
SP1,2024-03-17,Sevilla,Celta,1,2,A,1,0,H,11,18,4,5,13,6,3,8,4,0,0,0,2.0,3.4,3.75,2023-2024,LaLiga
SP1,2024-03-17,Las Palmas,Almeria,0,1,A,0,1,A,21,3,6,2,8,17,11,3,2,2,0,0,1.95,3.5,4.0,2023-2024,LaLiga
SP1,2024-03-17,Villarreal,Valencia,1,0,H,0,0,D,13,14,7,7,12,12,6,2,5,1,0,0,2.05,3.5,3.6,2023-2024,LaLiga
SP1,2024-03-29,Cadiz,Granada,1,0,H,0,0,D,13,10,5,2,17,14,5,2,2,4,0,0,2.0,3.3,4.2,2023-2024,LaLiga
SP1,2024-03-30,Getafe,Sevilla,0,1,A,0,1,A,18,10,5,3,11,15,7,3,4,5,0,0,2.55,3.1,3.0,2023-2024,LaLiga
SP1,2024-03-30,Almeria,Osasuna,0,3,A,0,2,A,12,6,5,4,12,14,6,1,3,2,0,0,2.63,3.2,2.8,2023-2024,LaLiga
SP1,2024-03-30,Valencia,Mallorca,0,0,D,0,0,D,14,11,5,3,8,11,3,3,0,2,0,0,2.05,3.0,4.2,2023-2024,LaLiga
SP1,2024-03-30,Barcelona,Las Palmas,1,0,H,0,0,D,14,8,2,0,11,9,6,1,5,1,0,1,1.25,6.5,10.0,2023-2024,LaLiga
SP1,2024-03-31,Celta,Vallecano,0,0,D,0,0,D,13,8,0,2,12,16,3,2,3,3,0,0,1.95,3.3,4.0,2023-2024,LaLiga
SP1,2024-03-31,Girona,Betis,3,2,H,1,1,D,9,7,5,4,13,14,5,4,3,4,0,0,1.75,3.8,4.75,2023-2024,LaLiga
SP1,2024-03-31,Alaves,Sociedad,0,1,A,0,0,D,3,12,0,3,10,15,3,8,2,2,0,0,3.5,2.9,2.38,2023-2024,LaLiga
SP1,2024-03-31,Real Madrid,Ath Bilbao,2,0,H,1,0,H,9,7,4,3,9,13,4,7,2,1,0,0,1.53,4.33,6.0,2023-2024,LaLiga
SP1,2024-04-01,Villarreal,Ath Madrid,1,2,A,0,1,A,11,14,2,8,14,22,3,3,3,3,0,0,2.9,3.75,2.25,2023-2024,LaLiga
SP1,2024-04-04,Granada,Valencia,0,1,A,0,0,D,13,6,3,2,20,15,5,4,3,1,0,0,3.4,3.1,2.3,2023-2024,LaLiga
SP1,2024-04-12,Betis,Celta,2,1,H,0,0,D,15,12,3,5,7,10,6,5,1,0,0,0,2.1,3.4,3.5,2023-2024,LaLiga
SP1,2024-04-13,Cadiz,Barcelona,0,1,A,0,1,A,14,12,3,2,17,15,8,4,3,3,0,0,4.33,3.6,1.83,2023-2024,LaLiga
SP1,2024-04-13,Mallorca,Real Madrid,0,1,A,0,0,D,6,16,2,9,18,7,4,2,2,1,0,0,5.0,3.6,1.75,2023-2024,LaLiga
SP1,2024-04-13,Vallecano,Getafe,0,0,D,0,0,D,11,7,2,0,17,19,3,0,4,6,0,0,2.2,3.0,3.7,2023-2024,LaLiga
SP1,2024-04-13,Ath Madrid,Girona,3,1,H,2,1,H,17,12,4,5,18,12,2,0,3,2,0,0,1.91,3.6,3.8,2023-2024,LaLiga
SP1,2024-04-14,Las Palmas,Sevilla,0,2,A,0,1,A,5,10,2,3,8,13,6,2,3,3,1,0,2.7,3.2,2.7,2023-2024,LaLiga
SP1,2024-04-14,Granada,Alaves,2,0,H,2,0,H,9,8,3,3,16,11,1,5,3,2,0,0,3.0,3.0,2.55,2023-2024,LaLiga
SP1,2024-04-14,Ath Bilbao,Villarreal,1,1,D,0,0,D,13,10,6,2,13,12,3,1,3,3,0,1,1.75,4.0,4.33,2023-2024,LaLiga
SP1,2024-04-14,Sociedad,Almeria,2,2,D,1,1,D,17,7,4,3,16,8,5,1,2,2,1,0,1.33,5.0,10.0,2023-2024,LaLiga
SP1,2024-04-15,Osasuna,Valencia,0,1,A,0,1,A,13,4,2,3,10,10,4,1,0,2,0,0,2.2,3.1,3.75,2023-2024,LaLiga
SP1,2024-04-19,Ath Bilbao,Granada,1,1,D,1,1,D,17,5,6,0,11,15,11,4,4,2,0,0,1.25,6.0,11.0,2023-2024,LaLiga
SP1,2024-04-20,Celta,Las Palmas,4,1,H,2,1,H,21,9,13,4,10,9,8,4,1,0,0,0,1.73,3.75,5.0,2023-2024,LaLiga
SP1,2024-04-20,Vallecano,Osasuna,2,1,H,0,1,A,17,6,6,2,9,15,5,1,4,1,0,0,2.2,3.1,3.6,2023-2024,LaLiga
SP1,2024-04-20,Valencia,Betis,1,2,A,0,1,A,8,12,5,6,18,10,7,6,2,3,0,0,2.2,3.2,3.5,2023-2024,LaLiga
SP1,2024-04-20,Girona,Cadiz,4,1,H,2,0,H,10,12,5,5,11,14,2,4,1,2,0,0,1.4,4.75,8.0,2023-2024,LaLiga
SP1,2024-04-21,Real Madrid,Barcelona,3,2,H,1,1,D,14,14,8,6,11,12,2,8,3,2,0,0,1.85,3.8,4.0,2023-2024,LaLiga
SP1,2024-04-21,Alaves,Ath Madrid,2,0,H,1,0,H,8,15,3,4,20,12,1,11,5,3,0,0,4.0,3.5,1.95,2023-2024,LaLiga
SP1,2024-04-21,Getafe,Sociedad,1,1,D,1,1,D,6,7,4,3,12,18,0,4,0,2,0,0,3.8,3.1,2.15,2023-2024,LaLiga
SP1,2024-04-21,Almeria,Villarreal,1,2,A,1,1,D,24,11,5,3,10,16,5,2,3,4,1,0,3.4,3.8,2.05,2023-2024,LaLiga
SP1,2024-04-22,Sevilla,Mallorca,2,1,H,0,0,D,11,8,4,6,10,8,4,4,0,2,0,0,1.95,3.1,4.5,2023-2024,LaLiga
SP1,2024-04-26,Sociedad,Real Madrid,0,1,A,0,1,A,9,5,3,3,13,11,11,3,3,4,0,0,2.45,3.25,2.9,2023-2024,LaLiga
SP1,2024-04-27,Las Palmas,Girona,0,2,A,0,1,A,10,6,5,3,12,10,4,2,1,3,0,0,4.5,3.8,1.75,2023-2024,LaLiga
SP1,2024-04-27,Almeria,Getafe,1,3,A,1,1,D,21,8,11,5,15,31,9,2,5,4,1,0,2.7,3.4,2.63,2023-2024,LaLiga
SP1,2024-04-27,Alaves,Celta,3,0,H,0,0,D,16,4,8,0,10,9,8,3,3,3,0,0,2.75,3.1,2.7,2023-2024,LaLiga
SP1,2024-04-27,Ath Madrid,Ath Bilbao,3,1,H,1,1,D,8,7,3,1,16,15,3,5,3,2,0,0,1.95,3.5,4.0,2023-2024,LaLiga
SP1,2024-04-28,Cadiz,Mallorca,1,1,D,0,1,A,10,9,2,2,14,21,3,1,3,2,0,0,2.5,2.9,3.2,2023-2024,LaLiga
SP1,2024-04-28,Granada,Osasuna,3,0,H,1,0,H,12,11,4,2,17,5,0,6,4,0,0,0,2.55,3.1,3.0,2023-2024,LaLiga
SP1,2024-04-28,Villarreal,Vallecano,3,0,H,1,0,H,15,20,7,4,15,8,3,6,2,1,0,0,1.65,4.0,5.0,2023-2024,LaLiga
SP1,2024-04-28,Betis,Sevilla,1,1,D,1,0,H,15,10,5,1,9,20,4,6,3,5,0,0,2.05,3.4,3.6,2023-2024,LaLiga
SP1,2024-04-29,Barcelona,Valencia,4,2,H,1,2,A,27,5,13,3,12,5,15,1,1,0,0,1,1.36,5.0,7.5,2023-2024,LaLiga
SP1,2024-05-03,Getafe,Ath Bilbao,0,2,A,0,1,A,34,7,9,2,6,9,10,6,0,2,0,2,4.0,3.2,2.05,2023-2024,LaLiga
SP1,2024-05-04,Mallorca,Ath Madrid,0,1,A,0,1,A,7,9,4,4,12,7,6,2,2,0,0,0,3.75,3.2,2.15,2023-2024,LaLiga
SP1,2024-05-04,Girona,Barcelona,4,2,H,1,2,A,9,16,7,7,11,8,5,4,0,3,0,0,2.7,3.75,2.4,2023-2024,LaLiga
SP1,2024-05-04,Sociedad,Las Palmas,2,0,H,2,0,H,9,7,4,1,12,11,7,2,2,1,0,0,1.33,5.0,10.0,2023-2024,LaLiga
SP1,2024-05-04,Real Madrid,Cadiz,3,0,H,0,0,D,19,7,9,2,6,12,7,4,0,1,0,0,1.33,5.25,8.5,2023-2024,LaLiga
SP1,2024-05-05,Osasuna,Betis,0,2,A,0,2,A,12,10,2,4,13,13,8,5,2,2,1,0,3.2,3.25,2.38,2023-2024,LaLiga
SP1,2024-05-05,Celta,Villarreal,3,2,H,2,1,H,23,11,7,3,11,5,2,1,4,0,0,1,2.3,3.6,2.88,2023-2024,LaLiga
SP1,2024-05-05,Valencia,Alaves,0,1,A,0,0,D,13,14,1,4,9,17,5,7,1,3,0,0,2.1,3.0,4.0,2023-2024,LaLiga
SP1,2024-05-05,Sevilla,Granada,3,0,H,1,0,H,11,8,5,3,15,13,5,4,2,2,0,0,1.65,4.0,5.25,2023-2024,LaLiga
SP1,2024-05-05,Vallecano,Almeria,0,1,A,0,1,A,27,7,10,2,17,15,9,2,3,2,0,0,1.57,4.0,5.75,2023-2024,LaLiga
SP1,2024-05-10,Alaves,Girona,2,2,D,1,2,A,14,15,8,5,13,6,5,3,3,2,0,0,3.5,3.6,2.05,2023-2024,LaLiga
SP1,2024-05-11,Granada,Real Madrid,0,4,A,0,2,A,12,13,1,7,11,10,8,5,2,0,0,0,5.5,4.6,1.53,2023-2024,LaLiga
SP1,2024-05-11,Mallorca,Las Palmas,1,0,H,1,0,H,7,7,2,1,18,10,2,2,6,2,0,0,1.65,3.5,6.5,2023-2024,LaLiga
SP1,2024-05-11,Villarreal,Sevilla,3,2,H,1,2,A,25,8,7,4,12,14,10,1,3,5,0,0,1.83,4.0,3.8,2023-2024,LaLiga
SP1,2024-05-11,Ath Bilbao,Osasuna,2,2,D,0,1,A,15,13,6,3,9,14,8,6,2,4,0,0,1.44,4.33,7.5,2023-2024,LaLiga
SP1,2024-05-12,Betis,Almeria,3,2,H,2,1,H,14,14,7,7,9,10,3,5,0,2,0,0,1.33,5.5,8.5,2023-2024,LaLiga
SP1,2024-05-12,Valencia,Vallecano,0,0,D,0,0,D,13,12,5,1,14,21,6,3,1,2,0,0,2.25,3.1,3.5,2023-2024,LaLiga
SP1,2024-05-12,Ath Madrid,Celta,1,0,H,0,0,D,21,6,8,2,7,9,4,7,1,1,0,0,1.42,4.75,7.0,2023-2024,LaLiga
SP1,2024-05-12,Cadiz,Getafe,1,0,H,1,0,H,13,10,6,4,23,16,6,2,5,2,0,0,2.1,3.2,3.8,2023-2024,LaLiga
SP1,2024-05-13,Barcelona,Sociedad,2,0,H,1,0,H,14,10,5,3,12,14,6,2,2,3,0,0,1.8,3.6,4.5,2023-2024,LaLiga
SP1,2024-05-14,Osasuna,Mallorca,1,1,D,1,0,H,10,10,4,4,12,11,2,4,0,1,0,0,2.8,2.9,2.88,2023-2024,LaLiga
SP1,2024-05-14,Real Madrid,Alaves,5,0,H,3,0,H,22,18,11,10,6,12,4,1,1,1,0,0,1.22,7.5,11.0,2023-2024,LaLiga
SP1,2024-05-14,Girona,Villarreal,0,1,A,0,0,D,22,11,5,3,3,14,5,1,1,5,0,1,1.7,4.5,4.2,2023-2024,LaLiga
SP1,2024-05-15,Sevilla,Cadiz,0,1,A,0,0,D,14,19,3,7,13,11,1,9,6,2,0,0,1.9,3.6,4.0,2023-2024,LaLiga
SP1,2024-05-15,Vallecano,Granada,2,1,H,1,0,H,18,10,9,1,12,17,6,6,4,3,1,0,1.65,3.8,5.5,2023-2024,LaLiga
SP1,2024-05-15,Celta,Ath Bilbao,2,1,H,0,1,A,10,7,4,2,15,14,2,3,2,0,0,0,2.63,3.3,2.7,2023-2024,LaLiga
SP1,2024-05-15,Getafe,Ath Madrid,0,3,A,0,2,A,8,7,3,3,17,7,6,3,4,3,0,0,4.75,3.4,1.83,2023-2024,LaLiga
SP1,2024-05-16,Las Palmas,Betis,2,2,D,1,1,D,16,6,9,4,9,12,4,8,2,1,0,0,4.0,3.5,1.91,2023-2024,LaLiga
SP1,2024-05-16,Almeria,Barcelona,0,2,A,0,1,A,12,16,3,7,9,11,4,7,0,1,0,0,6.5,5.0,1.44,2023-2024,LaLiga
SP1,2024-05-16,Sociedad,Valencia,1,0,H,1,0,H,10,7,5,3,11,13,3,3,0,2,0,0,1.6,3.9,5.75,2023-2024,LaLiga
SP1,2024-05-18,Alaves,Getafe,1,0,H,1,0,H,9,10,2,4,13,27,2,1,5,7,0,1,2.0,3.2,4.1,2023-2024,LaLiga
SP1,2024-05-19,Ath Bilbao,Sevilla,2,0,H,2,0,H,15,9,6,4,12,5,8,3,1,1,0,0,1.7,3.9,4.75,2023-2024,LaLiga
SP1,2024-05-19,Ath Madrid,Osasuna,1,4,A,0,1,A,15,15,2,6,12,9,7,5,2,2,0,0,1.4,4.5,8.0,2023-2024,LaLiga
SP1,2024-05-19,Barcelona,Vallecano,3,0,H,1,0,H,14,15,6,4,10,7,7,5,4,2,0,0,1.25,6.0,12.0,2023-2024,LaLiga
SP1,2024-05-19,Betis,Sociedad,0,2,A,0,2,A,18,5,9,2,12,18,6,2,3,4,0,0,2.55,3.2,2.88,2023-2024,LaLiga
SP1,2024-05-19,Cadiz,Las Palmas,0,0,D,0,0,D,10,9,3,1,13,12,5,3,3,1,1,0,1.8,3.5,4.75,2023-2024,LaLiga
SP1,2024-05-19,Granada,Celta,1,2,A,0,0,D,11,8,3,5,15,12,10,2,2,1,0,0,3.7,3.6,2.0,2023-2024,LaLiga
SP1,2024-05-19,Mallorca,Almeria,2,2,D,1,1,D,29,7,8,3,9,9,12,2,2,3,0,0,1.5,4.1,7.0,2023-2024,LaLiga
SP1,2024-05-19,Valencia,Girona,1,3,A,0,1,A,20,18,6,5,10,8,5,4,2,0,0,0,3.0,3.5,2.3,2023-2024,LaLiga
SP1,2024-05-19,Villarreal,Real Madrid,4,4,D,1,4,A,21,12,7,6,15,12,3,3,3,2,0,0,3.2,3.75,2.05,2023-2024,LaLiga
SP1,2024-05-24,Girona,Granada,7,0,H,3,0,H,16,10,9,2,6,13,4,2,3,5,0,1,1.22,6.5,12.0,2023-2024,LaLiga
SP1,2024-05-25,Vallecano,Ath Bilbao,0,1,A,0,0,D,17,7,4,1,6,13,8,2,1,1,0,0,2.88,3.5,2.38,2023-2024,LaLiga
SP1,2024-05-25,Almeria,Cadiz,6,1,H,0,1,A,27,12,12,4,4,9,1,4,2,2,0,0,2.05,3.6,3.5,2023-2024,LaLiga
SP1,2024-05-25,Real Madrid,Betis,0,0,D,0,0,D,13,11,5,3,8,11,4,5,2,1,0,0,1.33,6.0,7.5,2023-2024,LaLiga
SP1,2024-05-25,Osasuna,Villarreal,1,1,D,1,0,H,12,11,6,3,13,6,6,4,4,3,0,0,2.9,3.6,2.3,2023-2024,LaLiga
SP1,2024-05-25,Sociedad,Ath Madrid,0,2,A,0,1,A,14,10,4,4,19,15,8,4,3,5,0,1,2.4,3.3,3.0,2023-2024,LaLiga
SP1,2024-05-26,Getafe,Mallorca,1,2,A,0,0,D,16,9,6,4,12,10,3,4,0,2,0,0,2.3,3.25,3.2,2023-2024,LaLiga
SP1,2024-05-26,Celta,Valencia,2,2,D,0,1,A,9,12,4,1,17,18,2,2,0,0,0,0,1.95,3.5,3.8,2023-2024,LaLiga
SP1,2024-05-26,Las Palmas,Alaves,1,1,D,0,0,D,10,14,4,4,16,10,2,6,2,1,0,0,2.4,3.3,3.0,2023-2024,LaLiga
SP1,2024-05-26,Sevilla,Barcelona,1,2,A,1,1,D,15,11,6,6,11,9,6,5,2,1,0,0,4.0,4.0,1.8,2023-2024,LaLiga
SP1,2024-08-15,Ath Bilbao,Getafe,1,1,D,1,0,H,7,9,4,2,15,12,5,6,4,1,0,0,1.48,4.0,8.0,2024-2025,LaLiga
SP1,2024-08-15,Betis,Girona,1,1,D,1,0,H,19,13,4,2,11,7,4,4,2,0,0,0,2.35,3.4,3.0,2024-2025,LaLiga
SP1,2024-08-16,Celta,Alaves,2,1,H,0,1,A,6,10,4,2,8,23,3,3,3,2,0,0,2.0,3.2,4.1,2024-2025,LaLiga
SP1,2024-08-16,Las Palmas,Sevilla,2,2,D,1,1,D,13,16,5,5,12,13,6,3,0,0,0,0,2.8,3.25,2.63,2024-2025,LaLiga
SP1,2024-08-17,Osasuna,Leganes,1,1,D,0,1,A,16,10,5,4,14,12,6,4,3,2,0,0,1.85,3.3,4.5,2024-2025,LaLiga
SP1,2024-08-17,Valencia,Barcelona,1,2,A,1,1,D,6,18,1,8,11,13,3,8,2,3,0,0,4.75,3.8,1.73,2024-2025,LaLiga
SP1,2024-08-18,Sociedad,Vallecano,1,2,A,0,0,D,11,12,5,5,14,21,10,5,2,4,0,0,1.57,3.75,7.0,2024-2025,LaLiga
SP1,2024-08-18,Mallorca,Real Madrid,1,1,D,0,1,A,12,13,5,4,11,6,8,7,1,0,0,1,8.0,4.2,1.45,2024-2025,LaLiga
SP1,2024-08-19,Villarreal,Ath Madrid,2,2,D,2,2,D,8,10,3,5,6,10,2,3,1,3,0,0,3.3,3.7,2.1,2024-2025,LaLiga
SP1,2024-08-19,Valladolid,Espanol,1,0,H,1,0,H,12,10,3,2,15,8,3,2,2,2,0,0,2.38,3.0,3.4,2024-2025,LaLiga
SP1,2024-08-23,Celta,Valencia,3,1,H,2,1,H,7,13,5,5,9,11,4,7,3,0,0,0,2.1,3.4,3.6,2024-2025,LaLiga
SP1,2024-08-23,Sevilla,Villarreal,1,2,A,1,1,D,15,6,9,5,15,7,7,2,3,5,0,0,2.4,3.6,2.8,2024-2025,LaLiga
SP1,2024-08-24,Osasuna,Mallorca,1,0,H,0,0,D,15,11,5,2,10,8,5,4,2,1,0,0,2.45,3.1,3.1,2024-2025,LaLiga
SP1,2024-08-24,Barcelona,Ath Bilbao,2,1,H,1,1,D,13,9,5,2,11,16,5,6,4,5,0,0,1.62,4.2,5.0,2024-2025,LaLiga
SP1,2024-08-24,Espanol,Sociedad,0,1,A,0,0,D,13,8,3,4,14,18,7,4,2,2,0,0,3.9,3.2,2.05,2024-2025,LaLiga
SP1,2024-08-24,Getafe,Vallecano,0,0,D,0,0,D,12,3,0,1,16,18,3,2,1,2,0,0,2.45,3.0,3.2,2024-2025,LaLiga
SP1,2024-08-25,Real Madrid,Valladolid,3,0,H,0,0,D,17,8,9,2,10,15,5,5,1,1,0,0,1.18,7.5,15.0,2024-2025,LaLiga
SP1,2024-08-25,Leganes,Las Palmas,2,1,H,0,0,D,10,10,5,5,11,10,3,7,1,1,0,0,2.25,3.0,3.6,2024-2025,LaLiga
SP1,2024-08-25,Alaves,Betis,0,0,D,0,0,D,3,13,1,3,16,13,3,8,1,4,1,0,2.38,3.1,3.25,2024-2025,LaLiga
SP1,2024-08-25,Ath Madrid,Girona,3,0,H,1,0,H,11,13,6,5,11,10,1,9,1,3,0,0,1.6,4.1,5.5,2024-2025,LaLiga
SP1,2024-08-26,Villarreal,Celta,4,3,H,1,2,A,22,18,9,8,8,6,7,4,4,3,0,0,1.91,3.4,3.8,2024-2025,LaLiga
SP1,2024-08-27,Mallorca,Sevilla,0,0,D,0,0,D,12,16,4,7,15,10,5,9,0,1,0,1,2.38,3.1,3.25,2024-2025,LaLiga
SP1,2024-08-27,Vallecano,Barcelona,1,2,A,1,0,H,8,22,4,5,17,11,6,6,3,1,0,0,5.25,3.8,1.62,2024-2025,LaLiga
SP1,2024-08-28,Valladolid,Leganes,0,0,D,0,0,D,12,8,2,1,13,19,4,4,1,5,0,0,2.3,3.0,3.6,2024-2025,LaLiga
SP1,2024-08-28,Sociedad,Alaves,1,2,A,1,1,D,8,12,1,5,16,12,8,6,4,4,1,0,1.7,3.5,5.75,2024-2025,LaLiga
SP1,2024-08-28,Ath Madrid,Espanol,0,0,D,0,0,D,24,8,7,1,6,9,9,3,0,2,0,0,1.3,5.25,11.0,2024-2025,LaLiga
SP1,2024-08-28,Ath Bilbao,Valencia,1,0,H,1,0,H,13,2,4,0,14,9,5,3,1,3,0,0,1.62,3.9,5.75,2024-2025,LaLiga
SP1,2024-08-29,Girona,Osasuna,4,0,H,1,0,H,10,1,5,0,10,9,5,0,0,0,0,0,1.7,4.0,4.33,2024-2025,LaLiga
SP1,2024-08-29,Las Palmas,Real Madrid,1,1,D,1,0,H,7,25,3,8,16,13,2,6,0,2,0,0,8.0,5.0,1.38,2024-2025,LaLiga
SP1,2024-08-31,Barcelona,Valladolid,7,0,H,3,0,H,23,5,10,2,6,12,10,1,0,3,0,0,1.25,6.25,10.0,2024-2025,LaLiga
SP1,2024-08-31,Ath Bilbao,Ath Madrid,0,1,A,0,0,D,8,9,1,2,13,9,2,2,3,1,0,0,3.0,3.3,2.38,2024-2025,LaLiga
SP1,2024-08-31,Espanol,Vallecano,2,1,H,1,1,D,10,17,5,5,14,16,3,7,3,2,0,0,2.8,3.0,2.8,2024-2025,LaLiga
SP1,2024-08-31,Leganes,Mallorca,0,1,A,0,1,A,4,12,2,3,11,17,1,3,1,3,0,0,2.5,3.0,3.2,2024-2025,LaLiga
SP1,2024-08-31,Valencia,Villarreal,1,1,D,1,1,D,22,9,6,3,15,11,14,3,3,5,0,1,2.8,3.4,2.45,2024-2025,LaLiga
SP1,2024-09-01,Alaves,Las Palmas,2,0,H,1,0,H,15,12,5,7,13,9,6,5,3,0,0,0,1.95,3.4,4.0,2024-2025,LaLiga
SP1,2024-09-01,Osasuna,Celta,3,2,H,2,1,H,10,12,4,3,19,10,6,3,2,0,0,1,2.45,3.25,3.0,2024-2025,LaLiga
SP1,2024-09-01,Sevilla,Girona,0,2,A,0,1,A,16,11,5,4,6,14,7,5,3,2,0,0,2.35,3.8,2.75,2024-2025,LaLiga
SP1,2024-09-01,Getafe,Sociedad,0,0,D,0,0,D,16,1,1,0,14,16,4,1,1,1,0,0,3.5,2.9,2.38,2024-2025,LaLiga
SP1,2024-09-01,Real Madrid,Betis,2,0,H,0,0,D,20,12,8,2,8,16,7,3,2,0,0,0,1.29,5.75,9.5,2024-2025,LaLiga
SP1,2024-09-13,Betis,Leganes,2,0,H,0,0,D,14,3,5,0,11,18,11,1,1,2,0,0,1.62,3.7,6.25,2024-2025,LaLiga
SP1,2024-09-14,Mallorca,Villarreal,1,2,A,0,1,A,10,21,5,4,11,10,7,6,3,3,1,0,2.45,3.4,2.88,2024-2025,LaLiga
SP1,2024-09-14,Espanol,Alaves,3,2,H,1,1,D,9,19,4,6,17,14,0,5,2,3,0,0,2.63,3.2,2.8,2024-2025,LaLiga
SP1,2024-09-14,Sevilla,Getafe,1,0,H,1,0,H,10,15,4,4,19,15,3,4,3,4,1,0,2.2,3.0,3.7,2024-2025,LaLiga
SP1,2024-09-14,Sociedad,Real Madrid,0,2,A,0,0,D,11,16,2,7,12,9,6,6,4,1,0,0,4.75,3.9,1.67,2024-2025,LaLiga
SP1,2024-09-15,Celta,Valladolid,3,1,H,2,0,H,14,6,7,1,14,15,5,3,3,5,0,1,1.67,3.75,5.5,2024-2025,LaLiga
SP1,2024-09-15,Girona,Barcelona,1,4,A,0,2,A,9,20,4,9,13,4,1,6,3,2,0,1,4.2,3.8,1.8,2024-2025,LaLiga
SP1,2024-09-15,Las Palmas,Ath Bilbao,2,3,A,0,2,A,15,9,6,4,8,12,9,3,1,2,0,1,3.8,3.4,2.0,2024-2025,LaLiga
SP1,2024-09-15,Ath Madrid,Valencia,3,0,H,1,0,H,14,5,5,1,10,8,7,3,1,2,0,0,1.33,4.5,11.0,2024-2025,LaLiga
SP1,2024-09-16,Vallecano,Osasuna,3,1,H,0,1,A,17,5,6,2,12,15,7,4,3,2,0,0,2.05,3.1,4.0,2024-2025,LaLiga
SP1,2024-09-17,Mallorca,Sociedad,1,0,H,1,0,H,10,13,4,4,5,10,5,5,1,1,0,0,2.9,2.75,3.0,2024-2025,LaLiga
SP1,2024-09-18,Betis,Getafe,2,1,H,0,0,D,18,15,8,5,10,20,8,4,3,5,0,0,1.91,3.0,5.0,2024-2025,LaLiga
SP1,2024-09-19,Leganes,Ath Bilbao,0,2,A,0,0,D,14,10,3,4,12,11,4,7,3,0,0,0,3.75,3.2,2.05,2024-2025,LaLiga
SP1,2024-09-20,Alaves,Sevilla,2,1,H,1,0,H,10,8,4,2,11,16,3,5,1,4,0,0,2.15,3.1,3.7,2024-2025,LaLiga
SP1,2024-09-21,Real Madrid,Espanol,4,1,H,0,0,D,31,10,14,2,7,5,9,4,4,3,0,0,1.17,7.0,19.0,2024-2025,LaLiga
SP1,2024-09-21,Valencia,Girona,2,0,H,0,0,D,7,8,2,3,13,10,5,4,3,2,0,0,2.88,3.3,2.5,2024-2025,LaLiga
SP1,2024-09-21,Valladolid,Sociedad,0,0,D,0,0,D,15,14,2,4,15,12,5,7,4,4,0,0,3.9,3.0,2.2,2024-2025,LaLiga
SP1,2024-09-21,Osasuna,Las Palmas,2,1,H,1,1,D,13,11,2,4,14,11,2,4,2,5,0,0,1.9,3.4,4.2,2024-2025,LaLiga
SP1,2024-09-22,Getafe,Leganes,1,1,D,0,0,D,12,6,3,3,16,17,6,2,3,2,0,0,2.05,2.8,4.75,2024-2025,LaLiga
SP1,2024-09-22,Ath Bilbao,Celta,3,1,H,2,1,H,10,11,7,4,16,11,3,6,3,2,0,0,1.7,3.7,5.25,2024-2025,LaLiga
SP1,2024-09-22,Villarreal,Barcelona,1,5,A,1,2,A,13,17,4,10,12,12,7,3,6,1,0,0,3.9,3.9,1.85,2024-2025,LaLiga
SP1,2024-09-22,Vallecano,Ath Madrid,1,1,D,1,0,H,15,10,3,5,9,12,3,4,0,0,0,0,5.0,3.4,1.8,2024-2025,LaLiga
SP1,2024-09-23,Betis,Mallorca,1,2,A,1,1,D,14,6,6,6,12,12,6,3,3,2,0,0,1.85,3.3,4.75,2024-2025,LaLiga
SP1,2024-09-24,Sevilla,Valladolid,2,1,H,1,0,H,22,8,5,2,14,12,6,4,5,4,1,0,1.65,3.8,5.5,2024-2025,LaLiga
SP1,2024-09-24,Valencia,Osasuna,0,0,D,0,0,D,10,9,2,2,6,11,10,5,2,3,0,0,2.0,3.1,4.0,2024-2025,LaLiga
SP1,2024-09-24,Real Madrid,Alaves,3,2,H,2,0,H,10,12,4,3,7,10,4,4,4,0,0,0,1.2,6.5,13.0,2024-2025,LaLiga
SP1,2024-09-25,Girona,Vallecano,0,0,D,0,0,D,11,2,0,0,8,16,4,3,3,4,0,0,1.73,3.7,4.5,2024-2025,LaLiga
SP1,2024-09-25,Barcelona,Getafe,1,0,H,1,0,H,16,7,4,1,4,14,7,5,1,1,0,0,1.25,6.25,10.0,2024-2025,LaLiga
SP1,2024-09-26,Celta,Ath Madrid,0,1,A,0,0,D,9,7,4,2,10,7,2,3,2,2,0,0,3.8,3.7,1.91,2024-2025,LaLiga
SP1,2024-09-26,Las Palmas,Betis,1,1,D,1,1,D,8,14,2,5,21,10,1,4,4,2,0,0,3.1,3.1,2.38,2024-2025,LaLiga
SP1,2024-09-26,Espanol,Villarreal,1,2,A,1,1,D,11,15,2,4,12,14,4,1,5,3,0,0,3.25,3.5,2.15,2024-2025,LaLiga
SP1,2024-09-27,Valladolid,Mallorca,1,2,A,0,0,D,11,14,1,6,15,9,7,4,3,2,0,0,3.0,2.9,2.63,2024-2025,LaLiga
SP1,2024-09-28,Getafe,Alaves,2,0,H,1,0,H,14,9,8,1,17,24,2,2,3,6,0,0,2.55,2.88,3.1,2024-2025,LaLiga
SP1,2024-09-28,Vallecano,Leganes,1,1,D,1,0,H,15,13,6,3,12,7,5,5,2,1,0,0,1.9,3.0,5.0,2024-2025,LaLiga
SP1,2024-09-28,Sociedad,Valencia,3,0,H,1,0,H,11,9,6,4,7,12,6,4,0,0,0,0,1.85,3.25,4.75,2024-2025,LaLiga
SP1,2024-09-28,Osasuna,Barcelona,4,2,H,2,0,H,11,12,6,5,13,3,5,8,2,2,0,0,7.0,4.5,1.45,2024-2025,LaLiga
SP1,2024-09-29,Celta,Girona,1,1,D,0,1,A,12,9,2,4,9,14,4,4,1,0,0,0,2.1,3.6,3.25,2024-2025,LaLiga
SP1,2024-09-29,Ath Bilbao,Sevilla,1,1,D,1,0,H,13,13,3,4,6,7,4,7,0,3,1,0,1.7,3.7,5.0,2024-2025,LaLiga
SP1,2024-09-29,Betis,Espanol,1,0,H,0,0,D,20,8,12,1,14,20,8,4,2,4,0,0,1.65,3.4,5.75,2024-2025,LaLiga
SP1,2024-09-29,Ath Madrid,Real Madrid,1,1,D,0,0,D,12,12,4,4,11,11,5,5,3,1,1,0,2.8,3.3,2.5,2024-2025,LaLiga
SP1,2024-09-30,Villarreal,Las Palmas,3,1,H,1,0,H,17,7,7,3,14,10,3,2,0,3,0,0,1.45,4.33,6.5,2024-2025,LaLiga
SP1,2024-10-04,Leganes,Valencia,0,0,D,0,0,D,8,6,0,1,15,14,1,2,2,2,0,0,2.9,2.88,2.8,2024-2025,LaLiga
SP1,2024-10-05,Real Madrid,Villarreal,2,0,H,1,0,H,11,10,2,1,7,11,2,5,0,1,0,0,1.27,6.25,8.5,2024-2025,LaLiga
SP1,2024-10-05,Las Palmas,Celta,0,1,A,0,1,A,24,8,5,1,9,13,11,2,3,8,0,2,3.1,3.5,2.25,2024-2025,LaLiga
SP1,2024-10-05,Valladolid,Vallecano,1,2,A,0,0,D,13,17,5,3,13,18,5,13,4,2,0,0,3.1,3.0,2.5,2024-2025,LaLiga
SP1,2024-10-05,Espanol,Mallorca,2,1,H,1,0,H,8,11,3,4,14,19,4,6,1,5,0,0,3.1,3.0,2.55,2024-2025,LaLiga
SP1,2024-10-05,Getafe,Osasuna,1,1,D,1,0,H,11,6,3,2,17,10,4,2,2,4,0,0,2.2,2.9,3.9,2024-2025,LaLiga
SP1,2024-10-06,Girona,Ath Bilbao,2,1,H,1,1,D,14,13,6,4,12,13,6,1,4,3,0,1,2.35,3.3,3.1,2024-2025,LaLiga
SP1,2024-10-06,Alaves,Barcelona,0,3,A,0,3,A,11,14,2,8,13,8,11,3,2,2,0,0,5.25,4.5,1.57,2024-2025,LaLiga
SP1,2024-10-06,Sevilla,Betis,1,0,H,0,0,D,14,11,5,3,15,15,4,1,6,3,1,0,2.45,3.2,3.0,2024-2025,LaLiga
SP1,2024-10-06,Sociedad,Ath Madrid,1,1,D,0,1,A,16,4,8,1,10,9,5,1,0,2,0,0,3.3,3.2,2.3,2024-2025,LaLiga
SP1,2024-10-18,Alaves,Valladolid,2,3,A,1,1,D,10,12,4,4,15,14,5,6,6,2,1,0,1.62,3.9,5.75,2024-2025,LaLiga
SP1,2024-10-19,Ath Bilbao,Espanol,4,1,H,3,0,H,10,5,6,2,15,22,5,5,2,3,0,0,1.45,4.2,7.5,2024-2025,LaLiga
SP1,2024-10-19,Osasuna,Betis,1,2,A,0,1,A,19,11,6,7,12,8,10,2,2,1,0,1,2.5,3.4,2.7,2024-2025,LaLiga
SP1,2024-10-19,Girona,Sociedad,0,1,A,0,1,A,8,14,3,4,10,12,6,6,2,1,0,0,2.4,3.4,2.88,2024-2025,LaLiga
SP1,2024-10-19,Celta,Real Madrid,1,2,A,0,1,A,13,10,5,3,16,13,6,2,2,1,0,0,4.75,4.5,1.6,2024-2025,LaLiga
SP1,2024-10-20,Mallorca,Vallecano,1,0,H,0,0,D,19,10,5,2,9,13,9,2,1,1,0,0,2.05,3.1,4.0,2024-2025,LaLiga
SP1,2024-10-20,Ath Madrid,Leganes,3,1,H,0,1,A,24,5,9,2,14,8,8,2,5,1,0,0,1.33,4.75,10.0,2024-2025,LaLiga
SP1,2024-10-20,Villarreal,Getafe,1,1,D,1,0,H,10,21,4,4,18,21,5,5,4,3,0,0,1.67,3.8,5.0,2024-2025,LaLiga
SP1,2024-10-20,Barcelona,Sevilla,5,1,H,3,0,H,21,7,9,1,6,14,5,5,1,2,0,0,1.3,5.75,8.0,2024-2025,LaLiga
SP1,2024-10-21,Valencia,Las Palmas,2,3,A,1,1,D,14,11,7,6,12,12,11,2,4,9,1,0,1.62,3.8,5.5,2024-2025,LaLiga
SP1,2024-10-25,Espanol,Sevilla,0,2,A,0,2,A,16,6,1,3,14,9,13,2,2,0,0,0,3.0,3.25,2.4,2024-2025,LaLiga
SP1,2024-10-26,Valladolid,Villarreal,1,2,A,0,1,A,7,21,3,9,16,13,4,6,4,3,0,0,3.5,3.75,2.0,2024-2025,LaLiga
SP1,2024-10-26,Vallecano,Alaves,1,0,H,0,0,D,16,15,4,7,8,14,6,2,2,4,1,0,2.25,3.1,3.5,2024-2025,LaLiga
SP1,2024-10-26,Las Palmas,Girona,1,0,H,1,0,H,12,8,3,3,12,14,3,5,4,5,0,1,2.88,3.4,2.45,2024-2025,LaLiga
SP1,2024-10-26,Real Madrid,Barcelona,0,4,A,0,0,D,9,15,4,7,15,17,10,3,2,5,0,0,2.0,4.1,3.25,2024-2025,LaLiga
SP1,2024-10-27,Leganes,Celta,3,0,H,0,0,D,7,18,4,5,15,17,4,2,2,2,0,0,3.25,3.25,2.3,2024-2025,LaLiga
SP1,2024-10-27,Getafe,Valencia,1,1,D,0,1,A,15,2,4,1,20,20,8,2,3,7,0,0,2.1,3.1,3.8,2024-2025,LaLiga
SP1,2024-10-27,Betis,Ath Madrid,1,0,H,1,0,H,24,10,3,3,8,4,3,10,3,2,0,0,3.1,3.4,2.3,2024-2025,LaLiga
SP1,2024-10-27,Sociedad,Osasuna,0,2,A,0,2,A,19,10,9,4,7,14,14,4,3,4,0,0,1.75,3.6,5.0,2024-2025,LaLiga
SP1,2024-10-28,Mallorca,Ath Bilbao,0,0,D,0,0,D,4,20,1,1,9,12,1,14,5,1,1,0,2.9,3.1,2.55,2024-2025,LaLiga
SP1,2024-11-01,Alaves,Mallorca,1,0,H,0,0,D,13,7,3,2,19,12,7,2,3,2,0,0,2.25,3.0,3.4,2024-2025,LaLiga
SP1,2024-11-02,Osasuna,Valladolid,1,0,H,1,0,H,20,7,4,4,21,12,7,2,1,5,0,0,1.6,3.7,6.25,2024-2025,LaLiga
SP1,2024-11-02,Girona,Leganes,4,3,H,2,2,D,15,8,6,5,17,15,6,1,2,4,0,0,1.7,3.5,5.5,2024-2025,LaLiga
SP1,2024-11-03,Ath Bilbao,Betis,1,1,D,0,0,D,17,7,8,4,9,8,6,2,0,0,0,0,1.91,3.5,4.0,2024-2025,LaLiga
SP1,2024-11-03,Sevilla,Sociedad,0,2,A,0,1,A,8,9,0,3,6,17,5,9,2,1,0,0,2.9,3.0,2.63,2024-2025,LaLiga
SP1,2024-11-03,Ath Madrid,Las Palmas,2,0,H,1,0,H,15,1,3,1,13,13,9,1,1,1,0,0,1.27,6.0,9.5,2024-2025,LaLiga
SP1,2024-11-03,Barcelona,Espanol,3,1,H,3,0,H,14,10,9,3,13,14,9,5,0,3,0,0,1.13,9.0,19.0,2024-2025,LaLiga
SP1,2024-11-04,Celta,Getafe,1,0,H,1,0,H,10,10,3,2,12,11,0,2,1,4,0,1,1.95,3.2,4.5,2024-2025,LaLiga
SP1,2024-11-08,Vallecano,Las Palmas,1,3,A,0,1,A,35,11,7,3,9,13,12,4,1,3,0,0,1.83,3.4,4.5,2024-2025,LaLiga
SP1,2024-11-09,Real Madrid,Osasuna,4,0,H,2,0,H,18,2,8,0,9,16,11,3,0,2,0,0,1.2,7.0,13.0,2024-2025,LaLiga
SP1,2024-11-09,Villarreal,Alaves,3,0,H,1,0,H,13,9,3,3,17,21,7,2,1,3,0,0,1.62,4.0,5.5,2024-2025,LaLiga
SP1,2024-11-09,Leganes,Sevilla,1,0,H,0,0,D,8,13,4,2,7,10,0,6,2,1,0,1,2.88,3.2,2.55,2024-2025,LaLiga
SP1,2024-11-10,Betis,Celta,2,2,D,1,1,D,19,3,6,2,12,8,2,0,3,0,0,0,1.95,3.4,4.0,2024-2025,LaLiga
SP1,2024-11-10,Mallorca,Ath Madrid,0,1,A,0,0,D,12,9,6,2,10,16,7,2,1,3,0,0,3.6,3.1,2.2,2024-2025,LaLiga
SP1,2024-11-10,Getafe,Girona,0,1,A,0,1,A,8,3,0,2,25,16,5,2,3,3,0,0,2.45,3.2,3.0,2024-2025,LaLiga
SP1,2024-11-10,Valladolid,Ath Bilbao,1,1,D,0,0,D,6,17,3,1,12,12,5,5,4,4,0,0,4.5,3.4,1.85,2024-2025,LaLiga
SP1,2024-11-10,Sociedad,Barcelona,1,0,H,1,0,H,14,11,6,0,17,6,7,6,3,1,0,0,4.75,4.1,1.65,2024-2025,LaLiga
SP1,2024-11-22,Getafe,Valladolid,2,0,H,0,0,D,12,6,5,3,15,15,3,2,3,2,0,0,1.65,3.4,6.5,2024-2025,LaLiga
SP1,2024-11-23,Ath Madrid,Alaves,2,1,H,0,1,A,11,4,8,1,18,19,5,0,3,3,0,0,1.36,4.75,9.0,2024-2025,LaLiga
SP1,2024-11-23,Celta,Barcelona,2,2,D,0,1,A,15,9,8,4,13,9,5,1,5,5,0,1,4.75,4.33,1.65,2024-2025,LaLiga
SP1,2024-11-23,Las Palmas,Mallorca,2,3,A,0,0,D,14,10,3,3,10,18,4,3,4,2,0,1,2.8,3.0,2.7,2024-2025,LaLiga
SP1,2024-11-23,Valencia,Betis,4,2,H,1,1,D,11,7,5,3,10,16,2,4,4,2,0,0,3.0,3.0,2.6,2024-2025,LaLiga
SP1,2024-11-23,Girona,Espanol,4,1,H,4,0,H,12,9,5,1,4,19,6,3,0,3,0,0,1.67,3.9,5.25,2024-2025,LaLiga
SP1,2024-11-24,Osasuna,Villarreal,2,2,D,2,0,H,4,17,3,7,12,13,0,8,6,5,0,0,2.55,3.4,2.75,2024-2025,LaLiga
SP1,2024-11-24,Sevilla,Vallecano,1,0,H,1,0,H,11,9,3,1,14,14,8,3,2,5,0,1,2.3,3.2,3.3,2024-2025,LaLiga
SP1,2024-11-24,Leganes,Real Madrid,0,3,A,0,1,A,4,16,0,9,17,11,2,4,2,0,0,0,7.5,4.5,1.42,2024-2025,LaLiga
SP1,2024-11-24,Ath Bilbao,Sociedad,1,0,H,1,0,H,12,6,4,1,18,9,4,4,3,4,0,0,2.25,3.0,3.6,2024-2025,LaLiga
SP1,2024-11-29,Mallorca,Valencia,2,1,H,1,1,D,9,7,3,1,9,14,3,6,0,0,0,0,2.0,3.0,4.5,2024-2025,LaLiga
SP1,2024-11-30,Espanol,Celta,3,1,H,1,0,H,9,16,5,2,13,7,2,5,2,2,0,0,3.3,3.4,2.2,2024-2025,LaLiga
SP1,2024-11-30,Barcelona,Las Palmas,1,2,A,0,0,D,27,5,8,3,7,11,7,0,0,0,0,0,1.17,8.5,13.0,2024-2025,LaLiga
SP1,2024-11-30,Alaves,Leganes,1,1,D,0,0,D,18,6,7,3,15,15,13,8,1,4,0,0,1.8,3.4,5.0,2024-2025,LaLiga
SP1,2024-11-30,Valladolid,Ath Madrid,0,5,A,0,3,A,9,13,1,9,6,11,3,5,1,2,0,0,6.0,4.2,1.53,2024-2025,LaLiga
SP1,2024-12-01,Sociedad,Betis,2,0,H,2,0,H,2,7,1,2,28,10,0,4,3,2,0,0,1.8,3.6,4.5,2024-2025,LaLiga
SP1,2024-12-01,Vallecano,Ath Bilbao,1,2,A,1,0,H,7,12,4,7,14,8,1,7,3,0,0,0,2.8,3.1,2.7,2024-2025,LaLiga
SP1,2024-12-01,Real Madrid,Getafe,2,0,H,2,0,H,13,8,4,3,7,26,5,3,2,6,0,0,1.36,4.5,10.0,2024-2025,LaLiga
SP1,2024-12-01,Villarreal,Girona,2,2,D,1,0,H,13,13,4,6,8,13,1,5,2,6,0,0,1.83,3.7,4.2,2024-2025,LaLiga
SP1,2024-12-02,Sevilla,Osasuna,1,1,D,0,0,D,12,7,5,3,11,15,5,1,1,1,0,0,2.1,3.4,3.5,2024-2025,LaLiga
SP1,2024-12-03,Mallorca,Barcelona,1,5,A,1,1,D,6,20,1,9,13,13,2,5,4,3,0,0,5.75,4.33,1.53,2024-2025,LaLiga
SP1,2024-12-04,Ath Bilbao,Real Madrid,2,1,H,0,0,D,9,10,3,5,21,9,5,2,3,3,0,0,3.2,3.3,2.25,2024-2025,LaLiga
SP1,2024-12-06,Celta,Mallorca,2,0,H,1,0,H,12,9,5,4,9,12,3,3,1,0,0,1,1.85,3.4,4.5,2024-2025,LaLiga
SP1,2024-12-07,Las Palmas,Valladolid,2,1,H,1,1,D,11,9,5,2,17,13,3,3,4,3,0,0,1.8,3.6,4.5,2024-2025,LaLiga
SP1,2024-12-07,Betis,Barcelona,2,2,D,0,1,A,12,9,6,3,15,14,6,4,1,2,0,0,5.0,4.5,1.57,2024-2025,LaLiga
SP1,2024-12-07,Valencia,Vallecano,0,1,A,0,1,A,14,6,6,1,5,12,9,4,2,2,0,0,2.25,2.9,3.75,2024-2025,LaLiga
SP1,2024-12-07,Girona,Real Madrid,0,3,A,0,1,A,10,10,4,7,6,7,6,3,3,2,0,0,4.5,3.9,1.73,2024-2025,LaLiga
SP1,2024-12-08,Leganes,Sociedad,0,3,A,0,1,A,11,15,2,5,12,15,5,3,2,2,0,0,4.75,3.1,1.91,2024-2025,LaLiga
SP1,2024-12-08,Ath Bilbao,Villarreal,2,0,H,1,0,H,12,11,4,1,15,10,3,3,2,1,0,0,1.95,3.6,3.8,2024-2025,LaLiga
SP1,2024-12-08,Osasuna,Alaves,2,2,D,0,1,A,16,6,8,3,13,14,8,3,4,3,0,0,2.05,3.3,3.75,2024-2025,LaLiga
SP1,2024-12-08,Ath Madrid,Sevilla,4,3,H,1,2,A,14,4,9,3,11,8,5,3,4,3,0,0,1.38,4.75,8.5,2024-2025,LaLiga
SP1,2024-12-09,Getafe,Espanol,1,0,H,1,0,H,15,9,6,1,14,15,3,3,3,6,0,0,1.8,3.1,5.75,2024-2025,LaLiga
SP1,2024-12-13,Valladolid,Valencia,1,0,H,1,0,H,2,14,1,2,10,10,1,7,4,3,1,0,3.1,3.1,2.38,2024-2025,LaLiga
SP1,2024-12-14,Espanol,Osasuna,0,0,D,0,0,D,9,6,3,0,13,13,5,4,3,1,0,0,2.75,3.2,2.6,2024-2025,LaLiga
SP1,2024-12-14,Mallorca,Girona,2,1,H,1,1,D,8,13,2,1,10,14,2,4,5,2,1,0,2.3,3.1,3.25,2024-2025,LaLiga
SP1,2024-12-14,Sevilla,Celta,1,0,H,0,0,D,8,10,3,2,12,9,3,4,7,3,0,0,2.2,3.25,3.3,2024-2025,LaLiga
SP1,2024-12-14,Vallecano,Real Madrid,3,3,D,2,2,D,14,13,5,6,18,8,4,3,4,2,0,0,6.0,3.8,1.57,2024-2025,LaLiga
SP1,2024-12-15,Ath Madrid,Getafe,1,0,H,0,0,D,11,7,3,1,13,15,8,3,3,1,0,0,1.4,4.33,9.0,2024-2025,LaLiga
SP1,2024-12-15,Alaves,Ath Bilbao,1,1,D,0,1,A,6,9,3,2,14,17,2,4,2,2,0,0,3.6,3.1,2.15,2024-2025,LaLiga
SP1,2024-12-15,Sociedad,Las Palmas,0,0,D,0,0,D,15,9,4,3,17,12,8,6,2,3,0,0,1.4,4.33,8.0,2024-2025,LaLiga
SP1,2024-12-15,Villarreal,Betis,1,2,A,0,1,A,17,10,4,4,19,10,5,5,5,2,0,1,1.75,3.8,4.33,2024-2025,LaLiga
SP1,2024-12-15,Barcelona,Leganes,0,1,A,0,1,A,20,6,4,4,5,13,8,2,0,2,0,0,1.13,8.0,19.0,2024-2025,LaLiga
SP1,2024-12-18,Espanol,Valencia,1,1,D,1,0,H,10,14,3,4,13,11,4,7,1,0,0,0,2.6,3.0,3.0,2024-2025,LaLiga
SP1,2024-12-18,Villarreal,Vallecano,1,1,D,1,1,D,14,18,5,3,10,15,7,7,4,3,1,0,1.8,3.6,4.5,2024-2025,LaLiga
SP1,2024-12-20,Girona,Valladolid,3,0,H,2,0,H,23,1,7,1,13,7,9,1,3,1,0,0,1.38,5.0,8.0,2024-2025,LaLiga
SP1,2024-12-21,Barcelona,Ath Madrid,1,2,A,1,0,H,19,5,7,4,11,8,11,3,0,3,0,0,1.9,3.8,3.9,2024-2025,LaLiga
SP1,2024-12-21,Celta,Sociedad,2,0,H,2,0,H,11,7,7,1,19,13,5,7,3,5,0,0,2.9,3.1,2.6,2024-2025,LaLiga
SP1,2024-12-21,Getafe,Mallorca,0,1,A,0,0,D,18,9,5,2,19,13,3,0,4,3,0,0,2.3,2.75,3.9,2024-2025,LaLiga
SP1,2024-12-21,Osasuna,Ath Bilbao,1,2,A,1,1,D,6,13,3,8,10,13,4,4,0,1,0,0,3.9,3.1,2.1,2024-2025,LaLiga
SP1,2024-12-22,Valencia,Alaves,2,2,D,0,1,A,8,11,3,3,20,15,5,4,2,1,0,0,2.25,3.1,3.5,2024-2025,LaLiga
SP1,2024-12-22,Real Madrid,Sevilla,4,2,H,3,1,H,16,10,8,5,5,14,6,6,1,2,0,0,1.33,5.5,9.0,2024-2025,LaLiga
SP1,2024-12-22,Las Palmas,Espanol,1,0,H,0,0,D,10,9,4,2,9,16,2,2,4,2,0,0,1.85,3.6,4.33,2024-2025,LaLiga
SP1,2024-12-22,Leganes,Villarreal,2,5,A,2,2,D,5,18,3,9,17,15,1,5,1,2,2,0,4.2,3.4,1.91,2024-2025,LaLiga
SP1,2024-12-22,Betis,Vallecano,1,1,D,1,0,H,14,10,5,4,9,14,5,5,0,4,0,0,1.8,3.5,4.75,2024-2025,LaLiga
SP1,2025-01-03,Valencia,Real Madrid,1,2,A,1,0,H,8,17,5,5,16,9,2,5,2,3,0,1,7.0,4.5,1.42,2024-2025,LaLiga
SP1,2025-01-10,Vallecano,Celta,2,1,H,1,1,D,8,23,5,7,18,9,3,3,2,3,0,1,2.75,3.1,2.7,2024-2025,LaLiga
SP1,2025-01-11,Sevilla,Valencia,1,1,D,0,0,D,15,5,5,1,16,8,10,1,1,2,0,0,2.0,3.3,4.0,2024-2025,LaLiga
SP1,2025-01-11,Alaves,Girona,0,1,A,0,0,D,11,3,2,1,16,11,6,3,1,4,0,0,2.75,3.1,2.75,2024-2025,LaLiga
SP1,2025-01-11,Valladolid,Betis,1,0,H,0,0,D,12,14,1,3,21,10,1,8,2,4,0,0,4.5,3.5,1.83,2024-2025,LaLiga
SP1,2025-01-11,Espanol,Leganes,1,1,D,1,1,D,15,14,5,6,15,19,8,4,2,2,0,1,2.1,3.0,4.0,2024-2025,LaLiga
SP1,2025-01-12,Ath Madrid,Osasuna,1,0,H,0,0,D,9,6,5,1,8,14,4,0,2,0,0,0,1.33,5.0,10.0,2024-2025,LaLiga
SP1,2025-01-12,Las Palmas,Getafe,1,2,A,0,0,D,15,12,7,3,14,17,4,5,2,3,0,0,2.45,2.9,3.3,2024-2025,LaLiga
SP1,2025-01-13,Sociedad,Villarreal,1,0,H,0,0,D,6,15,3,5,17,6,3,7,4,2,0,0,2.0,3.3,4.0,2024-2025,LaLiga
SP1,2025-01-17,Espanol,Valladolid,2,1,H,1,0,H,12,11,4,4,13,16,1,7,2,2,0,0,1.75,3.4,5.25,2024-2025,LaLiga
SP1,2025-01-18,Girona,Sevilla,1,2,A,1,0,H,7,14,4,6,6,15,7,4,0,4,0,0,1.91,3.5,4.0,2024-2025,LaLiga
SP1,2025-01-18,Leganes,Ath Madrid,1,0,H,0,0,D,9,19,3,4,16,6,2,9,1,3,0,0,7.0,4.0,1.5,2024-2025,LaLiga
SP1,2025-01-18,Betis,Alaves,1,3,A,1,1,D,7,9,2,5,12,24,2,3,4,5,1,0,1.75,3.6,4.75,2024-2025,LaLiga
SP1,2025-01-18,Getafe,Barcelona,1,1,D,1,1,D,10,21,4,5,9,9,2,10,3,2,0,0,6.5,4.2,1.5,2024-2025,LaLiga
SP1,2025-01-19,Celta,Ath Bilbao,1,2,A,0,0,D,3,14,1,6,14,6,3,4,0,0,0,0,2.8,3.2,2.6,2024-2025,LaLiga
SP1,2025-01-19,Real Madrid,Las Palmas,4,1,H,3,1,H,26,6,13,2,11,13,8,2,0,1,0,1,1.14,7.5,17.0,2024-2025,LaLiga
SP1,2025-01-19,Osasuna,Vallecano,1,1,D,0,1,A,12,8,3,3,9,13,6,3,3,2,0,0,2.15,3.0,3.8,2024-2025,LaLiga
SP1,2025-01-19,Valencia,Sociedad,1,0,H,1,0,H,7,9,2,3,10,12,4,7,3,4,0,0,3.1,3.0,2.55,2024-2025,LaLiga
SP1,2025-01-20,Villarreal,Mallorca,4,0,H,4,0,H,14,9,7,2,9,12,6,5,1,3,0,0,1.73,3.5,5.25,2024-2025,LaLiga
SP1,2025-01-24,Las Palmas,Osasuna,1,1,D,0,0,D,16,16,7,4,14,17,4,2,7,8,1,0,2.5,3.1,3.0,2024-2025,LaLiga
SP1,2025-01-25,Valladolid,Real Madrid,0,3,A,0,1,A,6,20,2,4,11,12,1,7,3,3,1,0,10.0,6.0,1.27,2024-2025,LaLiga
SP1,2025-01-25,Sevilla,Espanol,1,1,D,0,1,A,25,6,4,1,13,14,5,1,1,4,0,0,1.7,3.8,4.75,2024-2025,LaLiga
SP1,2025-01-25,Ath Madrid,Villarreal,1,1,D,0,1,A,20,11,8,1,10,14,5,6,4,2,0,0,1.7,4.0,4.75,2024-2025,LaLiga
SP1,2025-01-25,Mallorca,Betis,0,1,A,0,0,D,16,8,3,3,12,18,4,4,2,2,1,0,2.25,3.0,3.5,2024-2025,LaLiga
SP1,2025-01-26,Vallecano,Girona,2,1,H,0,0,D,17,12,7,5,19,9,4,1,3,1,0,0,2.75,2.9,2.88,2024-2025,LaLiga
SP1,2025-01-26,Sociedad,Getafe,0,3,A,0,0,D,13,13,4,4,11,15,5,2,3,6,0,0,1.75,3.4,5.5,2024-2025,LaLiga
SP1,2025-01-26,Ath Bilbao,Leganes,0,0,D,0,0,D,29,5,3,2,10,8,16,1,1,1,0,0,1.38,5.0,7.5,2024-2025,LaLiga
SP1,2025-01-26,Barcelona,Valencia,7,1,H,5,0,H,22,7,11,2,10,12,14,4,0,1,0,0,1.22,7.5,10.0,2024-2025,LaLiga
SP1,2025-01-27,Alaves,Celta,1,1,D,1,0,H,3,5,1,2,15,14,3,4,2,3,0,0,2.63,3.0,3.0,2024-2025,LaLiga
SP1,2025-01-31,Leganes,Vallecano,0,1,A,0,0,D,5,19,1,3,7,19,2,9,2,4,1,0,3.3,3.0,2.38,2024-2025,LaLiga
SP1,2025-02-01,Getafe,Sevilla,0,0,D,0,0,D,7,13,1,1,15,12,6,5,4,6,0,0,2.45,2.9,3.25,2024-2025,LaLiga
SP1,2025-02-01,Villarreal,Valladolid,5,1,H,1,0,H,22,8,8,2,9,14,3,6,1,2,0,0,1.22,7.0,10.0,2024-2025,LaLiga
SP1,2025-02-01,Ath Madrid,Mallorca,2,0,H,1,0,H,17,10,5,1,9,14,10,4,2,3,0,0,1.4,4.33,8.5,2024-2025,LaLiga
SP1,2025-02-01,Espanol,Real Madrid,1,0,H,0,0,D,5,21,2,7,14,3,1,8,2,0,0,0,9.0,5.75,1.3,2024-2025,LaLiga
SP1,2025-02-02,Osasuna,Sociedad,2,1,H,1,0,H,11,13,4,3,10,8,3,5,3,3,0,0,3.0,3.0,2.55,2024-2025,LaLiga
SP1,2025-02-02,Betis,Ath Bilbao,2,2,D,2,1,H,10,12,6,4,10,20,3,7,3,1,0,0,2.9,3.3,2.45,2024-2025,LaLiga
SP1,2025-02-02,Barcelona,Alaves,1,0,H,0,0,D,11,3,4,0,8,20,5,2,5,2,0,0,1.2,7.5,13.0,2024-2025,LaLiga
SP1,2025-02-02,Valencia,Celta,2,1,H,1,0,H,8,3,5,2,9,17,5,2,1,2,0,0,2.3,3.1,3.25,2024-2025,LaLiga
SP1,2025-02-03,Girona,Las Palmas,2,1,H,1,0,H,12,10,4,2,12,12,11,3,2,2,0,0,1.6,4.2,5.0,2024-2025,LaLiga
SP1,2025-02-07,Vallecano,Valladolid,1,0,H,0,0,D,20,8,6,3,11,15,4,2,2,2,0,0,1.5,4.1,7.0,2024-2025,LaLiga
SP1,2025-02-08,Celta,Betis,3,2,H,0,2,A,14,12,6,5,11,11,4,7,3,5,0,0,2.25,3.4,3.2,2024-2025,LaLiga
SP1,2025-02-08,Ath Bilbao,Girona,3,0,H,2,0,H,23,3,8,1,7,12,11,2,0,4,0,0,1.65,4.0,5.0,2024-2025,LaLiga
SP1,2025-02-08,Las Palmas,Villarreal,1,2,A,0,0,D,20,9,4,4,12,12,6,5,6,3,0,0,4.75,3.9,1.7,2024-2025,LaLiga
SP1,2025-02-08,Real Madrid,Ath Madrid,1,1,D,0,1,A,23,10,9,1,14,13,6,1,1,3,0,0,1.85,3.6,4.2,2024-2025,LaLiga
SP1,2025-02-09,Alaves,Getafe,0,1,A,0,1,A,12,4,4,3,16,16,8,3,2,6,0,0,2.3,2.9,3.6,2024-2025,LaLiga
SP1,2025-02-09,Valencia,Leganes,2,0,H,2,0,H,18,12,4,4,14,9,9,3,1,1,0,0,1.73,3.4,5.5,2024-2025,LaLiga
SP1,2025-02-09,Sociedad,Espanol,2,1,H,1,0,H,13,4,3,1,11,17,6,0,1,2,0,0,1.6,3.9,5.75,2024-2025,LaLiga
SP1,2025-02-09,Sevilla,Barcelona,1,4,A,1,1,D,8,10,4,6,14,6,5,6,5,2,0,1,5.25,4.5,1.55,2024-2025,LaLiga
SP1,2025-02-10,Mallorca,Osasuna,1,1,D,0,0,D,10,19,2,4,7,11,7,11,1,4,0,0,2.0,3.0,4.33,2024-2025,LaLiga
SP1,2025-02-14,Girona,Getafe,1,2,A,0,1,A,14,10,4,6,11,23,3,3,2,3,1,0,1.95,3.25,4.33,2024-2025,LaLiga
SP1,2025-02-15,Villarreal,Valencia,1,1,D,1,0,H,13,12,4,3,6,17,4,5,0,5,0,0,1.5,4.5,5.5,2024-2025,LaLiga
SP1,2025-02-15,Ath Madrid,Celta,1,1,D,0,0,D,9,11,3,4,8,18,2,7,3,5,1,0,1.39,4.5,8.0,2024-2025,LaLiga
SP1,2025-02-15,Leganes,Alaves,3,3,D,2,1,H,8,16,3,7,18,15,3,2,4,5,1,0,3.1,2.9,2.6,2024-2025,LaLiga
SP1,2025-02-15,Osasuna,Real Madrid,1,1,D,0,1,A,11,17,4,6,16,7,6,2,3,1,0,1,5.75,4.1,1.57,2024-2025,LaLiga
SP1,2025-02-16,Espanol,Ath Bilbao,1,1,D,0,0,D,12,14,4,4,12,8,2,7,1,1,0,0,5.5,3.4,1.73,2024-2025,LaLiga
SP1,2025-02-16,Valladolid,Sevilla,0,4,A,0,2,A,7,11,2,6,11,10,3,2,4,2,0,0,4.0,3.4,1.95,2024-2025,LaLiga
SP1,2025-02-16,Mallorca,Las Palmas,3,1,H,3,0,H,14,9,5,4,7,13,3,5,1,4,0,0,1.73,3.5,5.25,2024-2025,LaLiga
SP1,2025-02-16,Betis,Sociedad,3,0,H,0,0,D,24,5,8,1,9,15,5,5,0,2,0,2,2.55,3.1,2.9,2024-2025,LaLiga
SP1,2025-02-17,Barcelona,Vallecano,1,0,H,1,0,H,14,9,5,4,11,9,4,5,2,3,0,0,1.22,7.0,11.0,2024-2025,LaLiga
SP1,2025-02-21,Celta,Osasuna,1,0,H,0,0,D,12,18,5,1,11,13,5,4,1,0,0,0,1.67,3.75,5.25,2024-2025,LaLiga
SP1,2025-02-22,Las Palmas,Barcelona,0,2,A,0,0,D,10,15,2,5,13,4,5,3,1,1,0,0,8.5,7.0,1.25,2024-2025,LaLiga
SP1,2025-02-22,Alaves,Espanol,0,1,A,0,0,D,15,9,5,2,13,17,7,0,2,2,0,0,1.8,3.25,5.25,2024-2025,LaLiga
SP1,2025-02-22,Vallecano,Villarreal,0,1,A,0,0,D,10,10,5,5,15,12,3,5,1,4,1,0,2.88,3.5,2.38,2024-2025,LaLiga
SP1,2025-02-22,Valencia,Ath Madrid,0,3,A,0,2,A,18,11,2,3,18,16,7,0,1,3,0,0,4.2,3.4,1.91,2024-2025,LaLiga
SP1,2025-02-23,Sociedad,Leganes,3,0,H,1,0,H,12,8,5,2,13,13,3,3,3,3,0,0,1.55,3.75,7.0,2024-2025,LaLiga
SP1,2025-02-23,Getafe,Betis,1,2,A,0,1,A,10,13,4,6,17,20,2,5,3,0,1,1,2.6,3.1,2.9,2024-2025,LaLiga
SP1,2025-02-23,Real Madrid,Girona,2,0,H,1,0,H,22,6,5,2,1,7,11,5,0,2,0,0,1.29,6.25,8.5,2024-2025,LaLiga
SP1,2025-02-23,Ath Bilbao,Valladolid,7,1,H,4,0,H,29,5,16,3,10,5,4,4,2,3,0,1,1.17,7.0,19.0,2024-2025,LaLiga
SP1,2025-02-24,Sevilla,Mallorca,1,1,D,1,0,H,19,13,4,2,11,12,4,4,1,3,0,0,2.05,3.2,3.9,2024-2025,LaLiga
SP1,2025-02-28,Valladolid,Las Palmas,1,1,D,0,1,A,23,4,7,3,11,8,13,4,2,1,0,1,3.1,3.2,2.4,2024-2025,LaLiga
SP1,2025-03-01,Ath Madrid,Ath Bilbao,1,0,H,0,0,D,12,15,4,3,7,8,6,2,2,3,0,0,2.05,3.5,3.6,2024-2025,LaLiga
SP1,2025-03-01,Girona,Celta,2,2,D,1,1,D,9,10,6,6,8,17,4,2,0,0,0,0,2.2,3.5,3.25,2024-2025,LaLiga
SP1,2025-03-01,Vallecano,Sevilla,1,1,D,0,0,D,20,10,8,5,14,9,6,6,1,0,0,0,2.3,3.2,3.3,2024-2025,LaLiga
SP1,2025-03-01,Betis,Real Madrid,2,1,H,1,1,D,18,9,3,2,17,12,9,2,3,4,0,0,4.33,4.0,1.73,2024-2025,LaLiga
SP1,2025-03-02,Mallorca,Alaves,1,1,D,1,0,H,15,19,4,7,20,14,3,9,0,2,0,0,2.25,3.1,3.5,2024-2025,LaLiga
SP1,2025-03-02,Osasuna,Valencia,3,3,D,3,2,H,12,12,5,5,10,7,3,3,2,1,0,0,2.3,3.2,3.3,2024-2025,LaLiga
SP1,2025-03-02,Leganes,Getafe,1,0,H,0,0,D,5,9,1,0,15,15,2,6,1,1,0,0,3.1,2.88,2.6,2024-2025,LaLiga
SP1,2025-03-02,Barcelona,Sociedad,4,0,H,2,0,H,33,0,10,0,15,6,12,0,0,0,0,1,1.25,5.75,12.0,2024-2025,LaLiga
SP1,2025-03-08,Valencia,Valladolid,2,1,H,1,1,D,17,11,4,4,11,10,5,4,1,3,0,0,1.38,4.5,9.0,2024-2025,LaLiga
SP1,2025-03-08,Alaves,Villarreal,1,0,H,1,0,H,5,24,3,2,11,13,1,6,3,1,2,0,3.1,3.25,2.38,2024-2025,LaLiga
SP1,2025-03-08,Celta,Leganes,2,1,H,2,1,H,7,12,4,6,10,9,2,5,3,2,0,0,1.55,3.8,7.0,2024-2025,LaLiga
SP1,2025-03-09,Sociedad,Sevilla,0,1,A,0,0,D,7,9,2,4,14,12,6,3,2,1,0,0,2.2,3.2,3.5,2024-2025,LaLiga
SP1,2025-03-09,Betis,Las Palmas,1,0,H,0,0,D,14,8,6,1,12,14,11,1,2,8,0,1,1.42,4.5,7.5,2024-2025,LaLiga
SP1,2025-03-09,Getafe,Ath Madrid,2,1,H,0,0,D,11,4,3,2,10,14,4,4,6,2,0,1,4.5,3.1,1.95,2024-2025,LaLiga
SP1,2025-03-09,Real Madrid,Vallecano,2,1,H,2,1,H,10,20,5,6,12,17,4,6,3,1,0,0,1.29,5.75,9.5,2024-2025,LaLiga
SP1,2025-03-09,Ath Bilbao,Mallorca,1,1,D,0,0,D,8,9,2,2,6,13,3,3,1,3,0,0,1.62,3.7,6.0,2024-2025,LaLiga
SP1,2025-03-10,Espanol,Girona,1,1,D,0,0,D,7,18,4,4,11,13,4,9,3,3,0,0,3.1,3.2,2.4,2024-2025,LaLiga
SP1,2025-03-14,Las Palmas,Alaves,2,2,D,0,1,A,14,9,7,3,10,22,4,5,5,5,0,0,2.88,3.0,2.75,2024-2025,LaLiga
SP1,2025-03-15,Valladolid,Celta,0,1,A,0,0,D,5,10,2,1,9,15,3,4,3,3,0,0,5.0,3.8,1.63,2024-2025,LaLiga
SP1,2025-03-15,Mallorca,Espanol,2,1,H,0,0,D,20,2,7,0,10,12,6,2,0,2,0,0,1.77,3.3,5.0,2024-2025,LaLiga
SP1,2025-03-15,Villarreal,Real Madrid,1,2,A,1,2,A,23,9,10,5,17,3,11,4,2,1,0,0,3.1,3.75,2.15,2024-2025,LaLiga
SP1,2025-03-15,Girona,Valencia,1,1,D,0,0,D,14,12,4,2,12,5,9,4,2,1,0,0,1.92,3.5,3.9,2024-2025,LaLiga
SP1,2025-03-16,Leganes,Betis,2,3,A,2,0,H,10,21,4,6,16,5,3,7,2,1,0,0,3.8,3.3,2.05,2024-2025,LaLiga
SP1,2025-03-16,Sevilla,Ath Bilbao,0,1,A,0,0,D,11,9,4,4,13,12,4,6,4,2,0,0,2.9,3.2,2.5,2024-2025,LaLiga
SP1,2025-03-16,Osasuna,Getafe,1,2,A,1,0,H,12,7,4,4,19,15,3,2,2,3,0,1,2.25,2.88,3.8,2024-2025,LaLiga
SP1,2025-03-16,Vallecano,Sociedad,2,2,D,0,1,A,10,8,5,4,16,9,4,4,3,2,0,0,2.5,3.0,3.1,2024-2025,LaLiga
SP1,2025-03-16,Ath Madrid,Barcelona,2,4,A,1,0,H,7,13,2,6,10,11,6,6,1,3,0,0,3.1,3.6,2.2,2024-2025,LaLiga
SP1,2025-03-27,Barcelona,Osasuna,3,0,H,2,0,H,19,4,5,0,7,14,8,4,1,3,0,0,1.29,7.0,7.0,2024-2025,LaLiga
SP1,2025-03-29,Sociedad,Valladolid,2,1,H,1,0,H,12,12,2,5,20,10,3,6,2,3,0,0,1.33,4.75,11.0,2024-2025,LaLiga
SP1,2025-03-29,Espanol,Ath Madrid,1,1,D,0,1,A,8,13,1,2,12,14,4,3,2,1,0,0,5.5,3.75,1.62,2024-2025,LaLiga
SP1,2025-03-29,Alaves,Vallecano,0,2,A,0,1,A,12,11,4,5,14,12,8,5,3,5,0,0,2.15,2.9,4.1,2024-2025,LaLiga
SP1,2025-03-29,Real Madrid,Leganes,3,2,H,1,2,A,24,10,10,4,9,13,8,3,1,4,0,0,1.14,8.0,17.0,2024-2025,LaLiga
SP1,2025-03-30,Getafe,Villarreal,1,2,A,1,2,A,11,9,4,3,16,21,3,1,1,4,0,0,3.25,3.1,2.35,2024-2025,LaLiga
SP1,2025-03-30,Barcelona,Girona,4,1,H,1,0,H,21,4,9,2,8,11,10,2,0,1,0,0,1.25,6.5,10.0,2024-2025,LaLiga
SP1,2025-03-30,Ath Bilbao,Osasuna,0,0,D,0,0,D,11,5,5,2,12,12,3,4,1,1,0,0,1.45,4.1,7.0,2024-2025,LaLiga
SP1,2025-03-30,Valencia,Mallorca,1,0,H,0,0,D,8,8,2,2,16,15,4,5,5,5,0,0,2.15,3.1,3.75,2024-2025,LaLiga
SP1,2025-03-30,Betis,Sevilla,2,1,H,2,1,H,11,6,3,2,10,22,2,2,4,4,0,0,1.83,3.5,4.33,2024-2025,LaLiga
SP1,2025-03-31,Celta,Las Palmas,1,1,D,1,0,H,19,4,7,2,17,5,4,2,3,0,0,0,1.57,4.1,5.5,2024-2025,LaLiga
SP1,2025-04-04,Vallecano,Espanol,0,4,A,0,2,A,16,15,5,7,8,10,8,4,2,2,0,0,1.65,3.5,6.0,2024-2025,LaLiga
SP1,2025-04-05,Barcelona,Betis,1,1,D,1,1,D,13,6,5,2,16,12,9,3,2,1,0,0,1.36,5.5,7.0,2024-2025,LaLiga
SP1,2025-04-05,Mallorca,Celta,1,2,A,1,0,H,7,10,2,4,9,11,4,2,3,0,0,0,2.63,3.2,2.8,2024-2025,LaLiga
SP1,2025-04-05,Real Madrid,Valencia,1,2,A,0,1,A,21,10,9,2,10,13,9,4,0,4,0,0,1.3,5.75,8.5,2024-2025,LaLiga
SP1,2025-04-05,Girona,Alaves,0,1,A,0,0,D,11,14,6,3,9,16,1,5,1,4,0,0,2.05,3.4,3.6,2024-2025,LaLiga
SP1,2025-04-06,Las Palmas,Sociedad,1,3,A,0,1,A,13,13,5,8,7,10,5,4,0,2,0,0,3.2,3.2,2.35,2024-2025,LaLiga
SP1,2025-04-06,Sevilla,Ath Madrid,1,2,A,1,1,D,11,13,6,5,14,12,7,7,1,4,0,0,3.5,3.2,2.2,2024-2025,LaLiga
SP1,2025-04-06,Valladolid,Getafe,0,4,A,0,3,A,5,16,0,9,11,17,3,4,3,1,1,0,4.75,3.1,1.9,2024-2025,LaLiga
SP1,2025-04-06,Villarreal,Ath Bilbao,0,0,D,0,0,D,12,11,4,2,9,13,6,5,0,1,1,0,2.2,3.3,3.25,2024-2025,LaLiga
SP1,2025-04-07,Leganes,Osasuna,1,1,D,0,0,D,13,14,7,6,18,14,4,8,3,3,0,0,2.7,3.1,2.75,2024-2025,LaLiga
SP1,2025-04-11,Valencia,Sevilla,1,0,H,1,0,H,8,12,6,5,10,18,3,3,3,2,0,0,2.3,3.1,3.4,2024-2025,LaLiga
SP1,2025-04-12,Sociedad,Mallorca,0,2,A,0,1,A,15,7,4,3,11,12,8,2,3,1,0,0,1.75,3.4,5.5,2024-2025,LaLiga
SP1,2025-04-12,Getafe,Las Palmas,1,3,A,1,0,H,11,10,6,5,14,15,3,2,0,2,1,0,1.75,3.3,5.5,2024-2025,LaLiga
SP1,2025-04-12,Celta,Espanol,0,2,A,0,1,A,16,5,6,3,14,10,13,5,2,2,0,0,1.62,3.7,6.0,2024-2025,LaLiga
SP1,2025-04-12,Leganes,Barcelona,0,1,A,0,0,D,6,12,1,3,10,4,4,8,2,1,0,0,8.5,6.0,1.3,2024-2025,LaLiga
SP1,2025-04-13,Ath Bilbao,Vallecano,3,1,H,0,1,A,13,11,4,3,12,7,7,1,4,3,0,0,1.75,3.4,5.5,2024-2025,LaLiga
SP1,2025-04-13,Betis,Villarreal,1,2,A,1,1,D,24,8,5,2,4,13,5,5,0,4,0,0,2.35,3.3,3.1,2024-2025,LaLiga
SP1,2025-04-13,Alaves,Real Madrid,0,1,A,0,1,A,13,11,6,4,21,12,4,4,4,4,1,1,5.25,4.1,1.62,2024-2025,LaLiga
SP1,2025-04-13,Osasuna,Girona,2,1,H,1,0,H,13,18,6,8,17,15,4,4,2,0,0,0,2.45,3.2,3.1,2024-2025,LaLiga
SP1,2025-04-14,Ath Madrid,Valladolid,4,2,H,2,1,H,24,6,9,3,11,8,5,1,1,1,0,0,1.14,8.0,19.0,2024-2025,LaLiga
SP1,2025-04-18,Espanol,Getafe,1,0,H,1,0,H,9,9,3,4,12,15,6,8,0,2,0,1,2.88,2.63,3.0,2024-2025,LaLiga
SP1,2025-04-19,Vallecano,Valencia,1,1,D,1,0,H,11,10,4,3,18,13,5,2,3,1,0,0,2.25,3.0,3.4,2024-2025,LaLiga
SP1,2025-04-19,Barcelona,Celta,4,3,H,1,1,D,18,11,6,8,10,13,4,1,2,2,0,0,1.3,5.75,8.0,2024-2025,LaLiga
SP1,2025-04-19,Mallorca,Leganes,0,0,D,0,0,D,11,15,1,1,17,15,4,4,2,1,0,0,1.85,3.1,5.0,2024-2025,LaLiga
SP1,2025-04-19,Las Palmas,Ath Madrid,1,0,H,0,0,D,8,7,2,2,13,13,4,4,3,1,0,0,5.75,4.2,1.55,2024-2025,LaLiga
SP1,2025-04-20,Valladolid,Osasuna,2,3,A,0,2,A,12,11,5,6,12,17,5,2,2,0,0,0,4.5,3.4,1.83,2024-2025,LaLiga
SP1,2025-04-20,Villarreal,Sociedad,2,2,D,1,1,D,20,4,5,4,12,12,10,4,5,1,0,0,1.7,3.7,5.0,2024-2025,LaLiga
SP1,2025-04-20,Sevilla,Alaves,1,1,D,1,1,D,10,11,2,3,10,11,3,6,2,2,0,0,2.0,3.1,4.2,2024-2025,LaLiga
SP1,2025-04-20,Real Madrid,Ath Bilbao,1,0,H,0,0,D,22,3,7,1,7,15,14,1,1,2,0,0,1.65,3.9,5.25,2024-2025,LaLiga
SP1,2025-04-21,Girona,Betis,1,3,A,0,3,A,11,17,5,9,13,11,8,9,3,2,0,0,2.88,3.3,2.45,2024-2025,LaLiga
SP1,2025-04-22,Barcelona,Mallorca,1,0,H,0,0,D,40,4,13,0,10,7,13,2,0,1,0,0,1.2,7.0,13.0,2024-2025,LaLiga
SP1,2025-04-22,Valencia,Espanol,1,1,D,0,1,A,16,8,7,3,7,7,6,4,2,1,0,0,1.95,3.3,4.1,2024-2025,LaLiga
SP1,2025-04-23,Ath Bilbao,Las Palmas,1,0,H,1,0,H,13,10,4,2,13,9,3,3,1,3,0,0,1.36,5.25,7.0,2024-2025,LaLiga
SP1,2025-04-23,Celta,Villarreal,3,0,H,1,0,H,21,4,9,1,16,10,6,3,2,1,0,1,2.5,3.4,2.8,2024-2025,LaLiga
SP1,2025-04-23,Alaves,Sociedad,1,0,H,0,0,D,10,6,1,0,17,17,6,6,4,5,0,0,2.35,3.0,3.4,2024-2025,LaLiga
SP1,2025-04-23,Getafe,Real Madrid,0,1,A,0,1,A,20,14,6,7,15,7,4,4,3,1,0,0,4.75,3.6,1.75,2024-2025,LaLiga
SP1,2025-04-24,Leganes,Girona,1,1,D,0,0,D,7,8,1,3,16,18,4,5,4,2,1,0,2.75,3.1,2.75,2024-2025,LaLiga
SP1,2025-04-24,Osasuna,Sevilla,1,0,H,1,0,H,9,12,2,3,14,13,4,4,4,2,0,1,2.5,3.0,3.2,2024-2025,LaLiga
SP1,2025-04-24,Ath Madrid,Vallecano,3,0,H,2,0,H,10,12,5,5,8,15,6,3,0,2,0,0,1.53,4.0,6.5,2024-2025,LaLiga
SP1,2025-04-24,Betis,Valladolid,5,1,H,1,1,D,16,10,6,5,7,7,4,4,1,0,0,0,1.2,7.0,13.0,2024-2025,LaLiga
SP1,2025-04-27,Villarreal,Espanol,1,0,H,0,0,D,14,12,5,1,19,11,8,6,4,0,0,0,1.44,5.0,6.25,2024-2025,LaLiga
SP1,2025-05-02,Vallecano,Getafe,1,0,H,1,0,H,13,12,8,1,12,13,7,3,3,2,0,1,2.38,3.0,3.4,2024-2025,LaLiga
SP1,2025-05-03,Valladolid,Barcelona,1,2,A,1,0,H,5,24,4,7,12,15,4,8,3,2,0,0,15.0,8.0,1.14,2024-2025,LaLiga
SP1,2025-05-03,Las Palmas,Valencia,2,3,A,1,1,D,15,10,3,5,12,6,9,5,1,1,0,0,2.63,3.3,2.7,2024-2025,LaLiga
SP1,2025-05-03,Alaves,Ath Madrid,0,0,D,0,0,D,8,9,2,2,18,13,3,5,3,2,0,0,3.7,3.1,2.15,2024-2025,LaLiga
SP1,2025-05-03,Villarreal,Osasuna,4,2,H,3,0,H,15,11,5,4,10,18,2,8,4,1,0,0,1.53,4.2,6.0,2024-2025,LaLiga
SP1,2025-05-04,Real Madrid,Celta,3,2,H,2,0,H,17,14,6,7,5,11,4,6,2,1,0,0,1.33,5.75,7.0,2024-2025,LaLiga
SP1,2025-05-04,Sevilla,Leganes,2,2,D,1,1,D,25,9,7,3,17,12,8,2,4,5,0,0,1.77,3.5,4.75,2024-2025,LaLiga
SP1,2025-05-04,Espanol,Betis,1,2,A,1,0,H,11,20,5,10,16,10,3,7,2,0,0,0,3.3,3.0,2.38,2024-2025,LaLiga
SP1,2025-05-04,Sociedad,Ath Bilbao,0,0,D,0,0,D,12,3,3,1,18,13,7,3,1,2,0,0,2.55,3.0,3.0,2024-2025,LaLiga
SP1,2025-05-05,Girona,Mallorca,1,0,H,1,0,H,13,9,6,1,11,14,5,2,0,2,0,0,2.0,3.1,4.2,2024-2025,LaLiga
SP1,2025-05-09,Las Palmas,Vallecano,0,1,A,0,0,D,11,16,2,5,8,9,8,8,2,3,0,0,2.45,3.25,3.0,2024-2025,LaLiga
SP1,2025-05-10,Valencia,Getafe,3,0,H,3,0,H,10,10,6,3,17,20,2,6,3,5,0,0,2.0,3.0,4.33,2024-2025,LaLiga
SP1,2025-05-10,Celta,Sevilla,3,2,H,1,1,D,8,19,4,10,11,16,3,6,0,2,1,0,1.8,3.6,4.5,2024-2025,LaLiga
SP1,2025-05-10,Girona,Villarreal,0,1,A,0,0,D,7,14,0,5,13,10,5,3,2,3,0,0,3.1,3.8,2.1,2024-2025,LaLiga
SP1,2025-05-10,Mallorca,Valladolid,2,1,H,1,1,D,12,16,4,7,16,12,5,10,2,1,0,0,1.33,5.25,9.0,2024-2025,LaLiga
SP1,2025-05-10,Ath Madrid,Sociedad,4,0,H,4,0,H,13,6,7,1,7,12,3,3,0,1,0,0,1.67,3.7,5.0,2024-2025,LaLiga
SP1,2025-05-11,Betis,Osasuna,1,1,D,0,0,D,10,16,5,5,8,12,6,7,3,2,0,0,1.62,3.75,5.75,2024-2025,LaLiga
SP1,2025-05-11,Ath Bilbao,Alaves,1,0,H,0,0,D,11,4,3,1,17,12,9,2,1,1,0,0,1.8,2.9,4.5,2024-2025,LaLiga
SP1,2025-05-11,Leganes,Espanol,3,2,H,2,0,H,13,12,5,6,14,18,3,8,2,2,0,0,2.4,3.0,3.2,2024-2025,LaLiga
SP1,2025-05-11,Barcelona,Real Madrid,4,3,H,4,2,H,23,9,9,5,17,15,10,2,4,3,0,0,1.9,3.7,3.2,2024-2025,LaLiga
SP1,2025-05-13,Valladolid,Girona,0,1,A,0,0,D,11,13,4,5,5,19,6,4,0,0,0,0,4.75,3.9,1.73,2024-2025,LaLiga
SP1,2025-05-13,Sociedad,Celta,0,1,A,0,1,A,15,6,5,2,18,11,14,1,3,1,0,0,2.3,3.3,3.1,2024-2025,LaLiga
SP1,2025-05-13,Sevilla,Las Palmas,1,0,H,0,0,D,10,14,3,3,22,15,4,2,6,6,0,0,1.67,3.7,5.25,2024-2025,LaLiga
SP1,2025-05-14,Alaves,Valencia,1,0,H,0,0,D,11,10,5,3,16,10,9,4,4,3,0,0,2.1,3.1,3.7,2024-2025,LaLiga
SP1,2025-05-14,Villarreal,Leganes,3,0,H,3,0,H,17,23,7,6,5,11,3,6,1,1,0,0,1.33,5.75,8.0,2024-2025,LaLiga
SP1,2025-05-14,Real Madrid,Mallorca,2,1,H,0,1,A,39,4,13,2,6,15,26,0,0,3,0,0,1.38,5.25,7.0,2024-2025,LaLiga
SP1,2025-05-15,Getafe,Ath Bilbao,0,2,A,0,0,D,11,9,1,2,10,7,2,5,1,0,0,0,3.2,2.75,2.63,2024-2025,LaLiga
SP1,2025-05-15,Vallecano,Betis,2,2,D,2,0,H,20,10,6,3,8,18,10,7,1,3,0,0,3.0,3.2,2.4,2024-2025,LaLiga
SP1,2025-05-15,Osasuna,Ath Madrid,2,0,H,1,0,H,9,9,3,5,12,11,3,5,1,1,0,0,3.6,3.3,2.1,2024-2025,LaLiga
SP1,2025-05-15,Espanol,Barcelona,0,2,A,0,0,D,9,12,1,4,8,10,3,3,2,2,1,0,9.0,5.75,1.3,2024-2025,LaLiga
SP1,2025-05-18,Valencia,Ath Bilbao,0,1,A,0,0,D,6,10,2,4,10,16,5,3,3,1,0,0,2.2,3.0,3.8,2024-2025,LaLiga
SP1,2025-05-18,Sociedad,Girona,3,2,H,2,1,H,15,9,9,5,10,9,9,2,1,3,0,0,2.05,3.1,4.1,2024-2025,LaLiga
SP1,2025-05-18,Sevilla,Real Madrid,0,2,A,0,0,D,6,16,1,6,7,9,1,7,0,1,2,0,4.2,4.0,1.75,2024-2025,LaLiga
SP1,2025-05-18,Osasuna,Espanol,2,0,H,1,0,H,16,16,3,6,11,5,8,6,1,1,0,0,1.8,3.3,4.75,2024-2025,LaLiga
SP1,2025-05-18,Ath Madrid,Betis,4,1,H,2,0,H,20,12,11,7,12,9,7,4,1,1,0,0,1.91,3.6,3.8,2024-2025,LaLiga
SP1,2025-05-18,Las Palmas,Leganes,0,1,A,0,1,A,12,11,3,4,15,12,9,2,2,2,0,0,2.9,3.5,2.35,2024-2025,LaLiga
SP1,2025-05-18,Celta,Vallecano,1,2,A,1,2,A,24,7,7,2,10,17,9,2,2,3,0,0,1.75,3.9,4.33,2024-2025,LaLiga
SP1,2025-05-18,Barcelona,Villarreal,2,3,A,2,1,H,24,7,9,3,14,9,11,3,2,0,0,0,1.83,4.1,3.75,2024-2025,LaLiga
SP1,2025-05-18,Valladolid,Alaves,0,1,A,0,1,A,7,14,1,4,12,24,5,9,0,2,0,0,6.0,3.75,1.6,2024-2025,LaLiga
SP1,2025-05-18,Mallorca,Getafe,1,2,A,0,0,D,7,10,1,4,14,9,3,4,2,2,0,0,2.0,3.2,4.2,2024-2025,LaLiga
SP1,2025-05-23,Betis,Valencia,1,1,D,1,0,H,14,9,4,2,8,12,3,2,1,2,0,0,1.91,3.75,3.75,2024-2025,LaLiga
SP1,2025-05-24,Alaves,Osasuna,1,1,D,0,0,D,14,19,5,5,15,6,5,9,2,2,0,0,3.2,3.2,2.35,2024-2025,LaLiga
SP1,2025-05-24,Leganes,Valladolid,3,0,H,3,0,H,16,6,6,2,11,16,3,4,0,1,0,0,1.3,5.5,9.5,2024-2025,LaLiga
SP1,2025-05-24,Getafe,Celta,1,2,A,1,1,D,6,15,1,8,13,10,2,6,3,4,1,0,4.1,3.75,1.85,2024-2025,LaLiga
SP1,2025-05-24,Real Madrid,Sociedad,2,0,H,1,0,H,16,9,8,1,5,7,11,4,0,0,0,0,1.42,5.0,6.5,2024-2025,LaLiga
SP1,2025-05-24,Espanol,Las Palmas,2,0,H,0,0,D,8,10,3,4,12,11,3,6,3,2,0,0,1.38,4.75,8.0,2024-2025,LaLiga
SP1,2025-05-24,Vallecano,Mallorca,0,0,D,0,0,D,27,9,8,2,9,14,11,2,2,2,0,0,1.53,4.2,6.25,2024-2025,LaLiga
SP1,2025-05-25,Villarreal,Sevilla,4,2,H,3,1,H,12,17,7,6,8,14,3,5,0,1,0,0,1.48,5.0,6.0,2024-2025,LaLiga
SP1,2025-05-25,Girona,Ath Madrid,0,4,A,0,0,D,2,19,1,11,13,11,1,8,0,1,0,0,3.8,3.75,1.91,2024-2025,LaLiga
SP1,2025-05-25,Ath Bilbao,Barcelona,0,3,A,0,2,A,10,13,1,4,21,10,2,6,1,0,0,0,3.2,3.75,2.1,2024-2025,LaLiga
